/*
Navicat MySQL Data Transfer

Source Server         : 127.0.0.1
Source Server Version : 50087
Source Host           : localhost:3306
Source Database       : 91zcm

Target Server Type    : MYSQL
Target Server Version : 50087
File Encoding         : 65001

Date: 2014-01-09 09:56:57
*/

SET FOREIGN_KEY_CHECKS=0;
-- ----------------------------
-- Table structure for `admin`
-- ----------------------------
DROP TABLE IF EXISTS `admin`;
CREATE TABLE `admin` (
  `id` int(11) NOT NULL auto_increment,
  `username` varchar(50) collate utf8_bin default NULL,
  `password` varchar(100) collate utf8_bin default NULL,
  PRIMARY KEY  (`id`)
) ENGINE=InnoDB AUTO_INCREMENT=2 DEFAULT CHARSET=utf8 COLLATE=utf8_bin;

-- ----------------------------
-- Records of admin
-- ----------------------------
INSERT INTO `admin` VALUES ('1', 'admin', '21232F297A57A5A743894A0E4A801FC3');

-- ----------------------------
-- Table structure for `article`
-- ----------------------------
DROP TABLE IF EXISTS `article`;
CREATE TABLE `article` (
  `aid` int(11) NOT NULL auto_increment,
  `title` varchar(50) collate utf8_bin default NULL,
  `url` varchar(50) collate utf8_bin default NULL,
  `type` varchar(10) collate utf8_bin default NULL,
  `cid` int(11) default NULL,
  `addtime` varchar(20) collate utf8_bin default NULL,
  `imgurl` varchar(500) collate utf8_bin default NULL,
  `content` text collate utf8_bin,
  `clicknum` int(11) default NULL,
  `remark` text collate utf8_bin,
  PRIMARY KEY  (`aid`),
  KEY `cid` (`cid`),
  CONSTRAINT `article_ibfk_1` FOREIGN KEY (`cid`) REFERENCES `category` (`cid`)
) ENGINE=InnoDB AUTO_INCREMENT=35 DEFAULT CHARSET=utf8 COLLATE=utf8_bin;

-- ----------------------------
-- Records of article
-- ----------------------------
INSERT INTO `article` VALUES ('1', 'Microsoft Office 2007 简体中文专业版密钥', null, '0', '3', '2014-01-06 21:38:43', '/91zcm/images/nopic.gif', 0x31E380814F666669636520323030372050726F66657373696F6E616CEFBC884D6963726F736F6674204F6666696365203230303720E7AE80E4BD93E4B8ADE69687E4B893E4B89AE78988EFBC8920EFBC9A3C6272202F3E0D0AE7A798E992A5EFBC9A44425859442D54463437372D3436594D342D5737344D482D3659445138203C6272202F3E0D0A3C6272202F3E0D0A32E380814F66666963652032303037204170706C69636174696F6E7320EFBC9A3C6272202F3E0D0AE7A798E992A5EFBC9A57324A4A572D344B5944502D32594D4B572D46583336482D5159564438203C6272202F3E0D0A3C6272202F3E0D0A33E380814D6963726F736F6674204F66666963652050726F66657373696F6E616C20506C75732032303037EFBC9A3C6272202F3E0D0AE7A798E992A5EFBC9A4D545036512D44383638462D34343846472D42364D47372D3344424B54203C6272202F3E0D0A3C6272202F3E0D0A34E380814F66666963652050726F6A6563742050726F66657373696F6E616C2032303037EFBC9A3C6272202F3E0D0AE7A798E992A5EFBC9A43442D4B65793A2057324A4A572D344B5944502D32594D4B572D46583336482D5159564438203C6272202F3E0D0A3C6272202F3E0D0A35E380814F666669636520566973696F2050726F66657373696F6E616C203230303720E7AE80E4BD93E4B8ADE69687E7898820EFBC9A3C6272202F3E0D0AE7A798E992A5EFBC9A43442D4B65793A2057324A4A572D344B5944502D32594D4B572D46583336482D5159564438203C6272202F3E0D0A3C6272202F3E0D0A36E380814D6963726F736F6674204F6666696365204F6E654E6F74652032303037EFBC9A203C6272202F3E0D0AE7A798E992A5EFBC9A54464B47442D39565842472D543232444B2D46514239502D4D42504736203C6272202F3E0D0A3C6272202F3E0D0A37E380814D6963726F736F6674204F6666696365205368617265506F696E742044657369676E6572203230303720EFBC9A3C6272202F3E0D0AE7A798E992A5EFBC9A56514352382D364B5038512D59324654572D33595144372D5232324736203C6272202F3E0D0A3C6272202F3E0D0A38E380814D6963726F736F6674204F6666696365205368617265506F696E74205365727665722032303037202D20456E7465727072697365EFBC9A203C6272202F3E0D0AE7A798E992A5EFBC9A46444A444B2D36365743542D32484439432D34545936332D3338433447203C6272202F3E0D0A3C6272202F3E0D0A39E380814D6963726F736F6674204F6666696365205368617265506F696E74205365727665722032303037202D20456E7465727072697365287836342920EFBC9A3C6272202F3E0D0AE7A798E992A5EFBC9A46444A444B2D36365743542D32484439432D34545936332D3338433447203C6272202F3E0D0A3C6272202F3E0D0A3130E380814D6963726F736F6674204F666669636520466F726D7320536572766572203230303720EFBC9A3C6272202F3E0D0AE7A798E992A5EFBC9A46444A444B2D36365743542D32484439432D34545936332D3338433447203C6272202F3E0D0A3C6272202F3E0D0A3131E380814D6963726F736F6674204F666669636520466F726D7320536572766572203230303720287836342920EFBC9A3C6272202F3E0D0AE7A798E992A5EFBC9A46444A444B2D36365743542D32484439432D34545936332D3338433447203C6272202F3E, '14', 0x4D6963726F736F6674204F66666963652032303037E698AFE4B880E5A597E794B1E5BEAEE8BDAFE5AE98E696B9E5BC80E58F91E79A84E58A9EE585ACE8BDAFE4BBB62C6F666669636532303037E5858DE8B4B9E78988E4B88BE8BDBDE698AFE5BEAEE8BDAF4F6666696365E4BAA7E59381E58FB2E4B88AE69C80E585B7E5889BE696B0E4B88EE99DA9E591BDE680A7E79A84E4B880E4B8AAE78988E69CAC2CE585A8E696B0E8AEBEE8AEA1E79A84E794A8E688B7E7958CE99DA2E38081E7A8B3E5AE9AE5AE89E585A8E79A84E69687E4BBB6E6A0BCE5BC8FE38081E697A0E7BC9DE9AB98E69588E79A84E6B29FE9809AE58D8FE4BD9CE38082);
INSERT INTO `article` VALUES ('2', 'MyEclipse8.5注册码可用到2015年', null, '2', '1', '2014-01-06 21:47:50', '/91zcm/images/nopic.gif', 0x4D7945636C69707365382E35E69C80E696B0E58FAFE794A8E79A84E5BA8FE58897E58FB7EFBC9A3C6272202F3E0D0A3C6272202F3E0D0A53756273637269626572EFBC9A746F776368656E3C6272202F3E0D0A537562736372697074696F6E20436F6465EFBC9A674C52385A432D3835353535302D36303637373235363834313035343034383C6272202F3E0D0A3C6272202F3E0D0A53756273637269626572EFBC9A6D7965636C69707365382E35203C6272202F3E0D0A537562736372697074696F6E20436F6465EFBC9A7A4C52385A432D3835353535302D3638353637313536373033313030303738203C6272202F3E0D0A3C6272202F3E0D0A6E616D653A53756273637269626572EFBC9A3C6272202F3E0D0A537562736372697074696F6E20436F6465EFBC9A304C52385A432D3835353535302D3638353637313537353234393831343530203C6272202F3E0D0A3C6272202F3E0D0A53756273637269626572EFBC9A62696E67636875616E203C6272202F3E0D0A537562736372697074696F6E20436F6465EFBC9A6F4C52385A432D3835353535302D3638353637313537363639353732383832203C6272202F3E, '12', 0x4D7945636C69707365382E35E698AF45636C69707365E79A84E68F92E4BBB6EFBC8CE4B99FE698AFE4B880E6ACBEE58A9FE883BDE5BCBAE5A4A7E79A844A324545E99B86E68890E5BC80E58F91E78EAFE5A283EFBC8CE694AFE68C81E4BBA3E7A081E7BC96E58699E38081E9858DE7BDAEE38081E6B58BE8AF95E4BBA5E58F8AE999A4E99499EFBC8CE8BDAFE4BBB6E883BDE5A49FE5AE8CE7BE8EE694AFE68C8148544D4C2C205374727574732C204A53462C204353532C204A6176617363726970742C2053514C2C2048696265726E617465E7AD89E38082);
INSERT INTO `article` VALUES ('3', 'Myeclipse10注册码', null, '0', '1', '2014-01-06 21:53:06', '/91zcm/images/nopic.gif', 0x3C703E0D0A09E6BF80E6B4BBE7A081E4B880EFBC9A0D0A3C2F703E0D0A537562736372696265723A266E6273703B266E6273703B266E6273703B2039317A636D2E636F6D3C6272202F3E0D0A537562736372697074696F6E20436F64653A266E6273703B266E6273703B266E6273703B20674C52385A432D3835353535352D36313537373435373535393333333434353C6272202F3E0D0A41637469766174696F6E20436F64653A266E6273703B266E6273703B266E6273703B200D0A393362336237386333356534393038653464373032623362653563343866353362623732333331346462393230393238393330386562373235306238343030616537353465653432343234346532333738613832663939633236373661303863646237396138336330613730623832316361353330333034643065313363633762613130306364393839306466646136656165396136653066616336356363653261643564316465363265376662623865666332396665656461316332396366346566396664393965636162313663613339316461393232306433386631316633313436356561626231623861373465313938656631383232386462363832333C6272202F3E0D0AE6BF80E6B4BBE7A081E4BA8CEFBC9A3C6272202F3E0D0A537562736372696265723A266E6273703B266E6273703B266E6273703B39317A636D2E636F6D3C6272202F3E0D0A537562736372697074696F6E20436F64653A266E6273703B266E6273703B266E6273703B20674C52385A432D3835353535352D36313537373435373535373636333937323C6272202F3E0D0A41637469766174696F6E20436F64653A0D0A3C703E0D0A09333036643232653739316537653533353139303164653035383765373435623438666661343466663133393933366137666464613931343435326438616330643530353039326436643836363032386435303134363165653864326163346362303865353866336431363331303261323962373161663861303337636661646366616330663761643035633232666231653866313666363130353032386434363966376538353065333863613731343934633663363162663331343666623539666162613834643332623634316334303138663835333039646537306234613536366662653733383163343333613237323761306165623133613464333263640D0A3C2F703E, '25', 0x4D7965636C69707365203130E4BDBFE794A8E69C80E9AB98E7BAA7E79A84E6A18CE99DA2E5928C576562E5BC80E58F91E68A80E69CAFEFBC8CE58C85E68BAC2048544D4C3520E5928C204A6176612045452036EFBC8CE694AFE68C81204A504120322E30E380814A534620322E3020E3808145636C697073656C696E6B20322E3120E4BBA5E58F8A204F70656E4A504120322E30E38082);
INSERT INTO `article` VALUES ('4', '迅雷VIP账号共享白金账号,已经亲测', null, '1', '4', '2014-01-06 22:25:12', '/upload/140106150356.png', 0x3C703E0D0A09E8BF85E99BB7564950E8B4A6E58FB7E585B1E4BAABE799BDE98791E8B4A6E58FB7EFBC9A0D0A3C2F703E0D0A3C703E0D0A09E8BF85E99BB7E4BC9AE59198E58FB7EFBC9A6D77323933313838266E6273703B20266E6273703B266E6273703B266E6273703BE5AF86E7A081EFBC9A7368616F6C65690D0A3C2F703E0D0AE8BF85E99BB7E4BC9AE59198E58FB7EFBC9A6D77393332363135266E6273703B20266E6273703B266E6273703B266E6273703BE5AF86E7A081EFBC9A7368616F6C65693C6272202F3E0D0AE8BF85E99BB7E4BC9AE59198E58FB7EFBC9A6D77343836303430266E6273703B20266E6273703B266E6273703B266E6273703BE5AF86E7A081EFBC9A7368616F6C65693C6272202F3E0D0AE8BF85E99BB7E4BC9AE59198E58FB7EFBC9A6D77313530373837266E6273703B20266E6273703B266E6273703B266E6273703BE5AF86E7A081EFBC9A34393235373735353C6272202F3E0D0AE8BF85E99BB7E4BC9AE59198E58FB7EFBC9A696B616E62616678266E6273703B20266E6273703B266E6273703B20266E6273703B266E6273703B266E6273703BE5AF86E7A081EFBC9A696B616E62612E6E657431313C6272202F3E0D0AE8BF85E99BB7E4BC9AE59198E8B4A6E58FB7E58886E4BAAB3738383332383737353A31E8BF85E99BB7E4BC9AE59198E5AF86E7A08179756E6469616E626F, '45', 0xE8B4A6E58FB7E983BDE698AFE8BF85E99BB7E799BDE98791E8B4A6E58FB72CE8BF85E99BB737E5AEA2E688B7E7ABAFE5928CE8BF85E99BB7E7BD91E9A1B5E7A6BBE7BABFE983BDE58FAFE4BBA5E8BF9BE8A18CE799BBE99986EFBC8CE69CACE4BABAE5B7B2E7BB8FE4BAB2E6B58BEFBC81);
INSERT INTO `article` VALUES ('5', 'Adobe Photoshop CS4、CS5序列号', null, '0', '2', '2014-01-06 22:30:02', '/91zcm/images/nopic.gif', 0x31E3808170686F746F73686F70266E6273703B637335266E6273703BE5BA8FE58897E58FB7EFBC9A3C6272202F3E0D0A3C6469763E0D0A09313333302D313335392D393231342D363936302D363130352D333030350D0A3C2F6469763E0D0A3C6469763E0D0A09313333302D313136362D373132382D393031372D363731332D303638320D0A3C2F6469763E0D0A3C6469763E0D0A09313333302D313832322D343336342D323737342D373735362D393930380D0A3C2F6469763E0D0A3C6469763E0D0A09313333302D313231382D353638322D383030372D313630312D303830310D0A3C2F6469763E0D0A3C6469763E0D0A09313333302D313034382D393534312D373432382D393037382D383532383C6272202F3E0D0A313333302D313631372D313632392D383038332D323537332D393139300D0A3C2F6469763E0D0A3C6469763E0D0A093C703E0D0A09093C6272202F3E0D0A32E3808141646F6265266E6273703B70686F746F73686F70266E6273703B637334E5BA8FE58897E58FB7EFBC9A0D0A093C2F703E0D0A093C6469763E0D0A0909313333302D313737392D343438382D323130332D363935342D303931360D0A093C2F6469763E0D0A093C6469763E0D0A0909313333302D313137302D313030322D373835362D353032332D303737370D0A093C2F6469763E0D0A093C6469763E0D0A0909313333302D313739352D323838302D353337352D393732312D353339320D0A093C2F6469763E0D0A093C6469763E0D0A0909313333302D313232312D363832342D343833382D303330382D363832330D0A093C2F6469763E0D0A093C6469763E0D0A0909313333302D313238332D373436312D343537342D373030322D323530343C6272202F3E0D0A313333302D313533382D353939322D353733392D313231342D353630360D0A093C2F6469763E0D0A093C6469763E0D0A09093C703E0D0A0909093C6272202F3E0D0A33E38081266E6273703B41646F6265266E6273703B466C617368266E6273703B637334E5BA8FE58897E58FB7E7A0B4E8A7A30D0A09093C2F703E0D0A09093C6469763E0D0A090909313330322D313431382D373337322D373035382D303730372D363534390D0A09093C2F6469763E0D0A09093C6469763E0D0A090909313330322D313431382D373337322D373035382D303730372D363534393C6272202F3E0D0A09093C2F6469763E0D0A09093C6469763E0D0A090909313330322D313030372D303139372D303937352D343733372D323138300D0A09093C2F6469763E0D0A09093C6469763E0D0A090909313330322D313130332D313435332D383734312D313235372D393739310D0A09093C2F6469763E0D0A09093C6469763E0D0A090909313330322D313331382D303733392D313438312D373235332D383031380D0A09093C2F6469763E0D0A09093C6469763E0D0A090909313330322D313738372D383031382D373633372D393030342D383238370D0A09093C2F6469763E0D0A09093C6469763E0D0A090909313330322D313538342D353632342D383636332D303837362D363836380D0A09093C2F6469763E0D0A09093C6469763E0D0A090909313330322D313936382D323234382D383134362D363337322D353330340D0A09093C2F6469763E0D0A09093C703E0D0A0909093C6272202F3E0D0A09093C2F703E0D0A093C2F6469763E0D0A093C703E0D0A09093C6272202F3E0D0A093C2F703E0D0A3C2F6469763E, '4', 0x41646F62652050686F746F73686F70EFBC8CE7AE80E7A7B0E2809C5053E2809DEFBC8CE698AFE4B880E4B8AAE794B141646F62652053797374656D73E5BC80E58F91E5928CE58F91E8A18CE79A84E59BBEE5838FE5A484E79086E8BDAFE4BBB6E3808250686F746F73686F70E4B8BBE8A681E5A484E79086E4BBA5E5838FE7B4A0E68980E69E84E68890E79A84E695B0E5AD97E59BBEE5838FE38082E4BDBFE794A8E585B6E4BC97E5A49AE79A84E7BC96E4BFAEE4B88EE7BB98E59BBEE5B7A5E585B7EFBC8CE58FAFE4BBA5E69BB4E69C89E69588E79A84E8BF9BE8A18CE59BBEE78987E7BC96E8BE91E5B7A5E4BD9CE38082);
INSERT INTO `article` VALUES ('6', '亚马逊母婴玩具优惠券,红包最高减300元', null, '0', '5', '2014-01-06 22:36:09', '/91zcm/images/nopic.gif', 0x3130E58583E7BAA2E58C85E4BC98E683A0E7A081EFBC9A20E380904141494F5955414EE38091EFBC88E6BBA13530E58583E58FAFE794A8EFBC893B3C6272202F3E0D0A3130E58583E7BAA2E58C85E4BC98E683A0E7A081EFBC9AE380904242494F5955414E20E38091EFBC88E6BBA1313030E58583E58FAFE794A8EFBC893B3C6272202F3E0D0A3530E58583E7BAA2E58C85E4BC98E683A0E7A081EFBC9AE380904141354F5955414EE38091EFBC88E6BBA1323030E58583E58FAFE794A8EFBC893B3C6272202F3E0D0A313030E58583E7BAA2E58C85E4BC98E683A0E7A081EFBC9AE3809041494F4F5955414EE3809128E6BBA1343030E58583E58FAFE794A8EFBC893C6272202F3E0D0A313030E58583E7BAA2E58C85E4BC98E683A0E7A081EFBC9AE3809042494F4F5955414EE38091EFBC88E6BBA1383030E58583E58FAFE794A8EFBC893B3C6272202F3E0D0A333030E58583E7BAA2E58C85E4BC98E683A0E7A081EFBC9AE3809041334F4F5955414EE38091EFBC88E6BBA131303030E58583E58FAFE794A8EFBC893B3C6272202F3E0D0A3C6272202F3E0D0AE7BB93E8B4A6E697B6E8AFB7E8BE93E585A5E79BB8E5BA94E4BF83E99480E4BC98E683A0E7A081EFBC8CE7B3BBE7BB9FE5B086E887AAE58AA8E689A3E999A4E6BBA1E5878FE98791E9A29D28E4BB85E99990E68C87E5AE9AE4BA9AE9A9ACE9808AE887AAE890A5E59586E59381EFBC8CE4B88DE58C85E590ABE7A792E69D80E59381E380815AE5AE9EE683A0E59586E59381E5928CE585A5E9A9BBE58D96E5AEB6E59586E59381E380823C6272202F3E0D0AE6AF8FE4B8AAE6B4BBE58AA8E59586E59381E58FAAE58F82E4B88E31E6ACA1E4BF83E99480E4BC98E683A0EFBC8CE5A682E59586E59381E4BF83E99480E8AFB4E6988EE69C8932E69DA1E58F8AE4BBA5E4B88AE4BF83E99480E4BFA1E681AFEFBC8CE8AFB7E98089E68BA9E58F82E4B88EE585B6E4B8AD31E4B8AAE4BF83E99480EFBC8CE8BE93E585A5E79BB8E5BA94E4BC98E683A0E4BBA3E7A081EFBC8CE5A49AE9A1B9E4BF83E99480E4B88DE7B4AFE58AA0E38082, '16', 0xE6AF8DE5A9B4E78EA9E585B7E696B0E5B9B4E58F91E7BAA2E58C85EFBC8CE7BAA2E58C85E69C80E9AB98E5878F333030E58583EFBC88E6B4BBE58AA8E697B6E997B43A32303134E5B9B431E69C8836E697A52D31E69C883331E697A5EFBC89);
INSERT INTO `article` VALUES ('7', '迅雷VIP会员账号密码1月4号', null, '0', '4', '2014-01-06 22:40:37', '/91zcm/images/nopic.gif', 0xE8BF85E99BB7564950E4BC9AE59198E8B4A6E58FB7E5AF86E7A08131E69C8834E58FB7EFBC9A0D0A3C6469763E0D0A093C703E0D0A0909E5B890E58FB73A727531323834353220E5AF86E7A0813A39343538353336353C6272202F3E0D0AE8B4A6E58FB739333430383839313520E5AF86E7A081EFBC9A66326E7434343C6272202F3E0D0AE8B4A6E58FB7706F34323632333220E5AF86E7A0813A7368616F6C65693C6272202F3E0D0AE8B4A6E58FB76D7132333738303520E5AF86E7A0813A7368616F6C65693C6272202F3E0D0AE8B4A6E58FB73A786532323434343720E5AF86E7A0813A7368616F6C65693C6272202F3E0D0AE8B4A6E58FB73A736B38303034353720E5AF86E7A0813A36353032393437383C6272202F3E0D0AE8B4A6E58FB7616432373136383920E5AF86E7A0813A33373535333034383C6272202F3E0D0AE8B4A6E58FB739333333323832303320E5AF86E7A0813A39343332343639363C6272202F3E0D0AE8B4A6E58FB73A736B31303633343020E5AF86E7A0813A33303438343537353C6272202F3E0D0AE8B4A6E58FB73A6D6536393132303020E5AF86E7A0813A36383231373836373C6272202F3E0D0AE8B4A6E58FB73A7A7131393138353020E5AF86E7A0813A36333034393435340D0A093C2F703E0D0A3C2F6469763E, '25', 0xE8BF85E99BB7564950E4BC9AE59198E8B4A6E58FB7E5AF86E7A08131E69C8834E58FB7E38082E5B890E58FB73A727531323834353220E5AF86E7A0813A3934353835333635EFBC9BE8B4A6E58FB739333430383839313520E5AF86E7A081EFBC9A66326E743434);
INSERT INTO `article` VALUES ('8', 'office2007的产品密钥office2007密钥', null, '1', '1', '2014-01-06 22:42:37', '/upload/140107141337.png', 0x6F666669636532303037E79A84E4BAA7E59381E5AF86E992A56F666669636532303037E5AF86E992A53A3C6272202F3E0D0A44425859442D54463437372D3436594D342D5737344D482D36594451383C6272202F3E0D0A563742504A2D433648394D2D4A464A36382D36465058372D4751524D4A203C6272202F3E0D0A52364D48542D4443444B4A2D46364454422D52544D4D472D52464D594A203C6272202F3E0D0A434D3236522D3638464B382D57583847392D464D5859482D51393837573C6272202F3E0D0A4D4A5843472D4B523458572D444B3757582D33563644382D4842364857203C6272202F3E0D0A51595259392D333344324D2D483458524B2D33375847362D5442364857203C6272202F3E0D0A435650564B2D394A3848342D58444D37392D4D4D3354462D3846435657203C6272202F3E0D0A5743544D592D4A513743522D59474658322D56444343572D3937374438203C6272202F3E0D0A56365259562D424B3951592D4B384D324D2D52365052362D4A585448573C6272202F3E0D0AE5AE89E8A385E5AF86E992A53A3C6272202F3E0D0A44425859442D54463437372D3436594D342D5737344D482D3659445138203C6272202F3E0D0AE8AF95E8BF87E58FAFE794A83A203C6272202F3E0D0A584A464D592D544B5950592D475834524D2D395439444B2D424D374D57203C6272202F3E0D0A544A3652542D33465643422D44505950382D584637514D2D39364656333C6272202F3E0D0A57434A42462D37383948362D5748514D372D4A473743442D3358564D4D, '12', 0x6F666669636532303037E79A84E4BAA7E59381E5AF86E992A56F666669636532303037E5AF86E992A53A44425859442D54463437372D3436594D342D5737344D482D3659445138E38081563742504A2D433648394D2D4A464A36382D36465058372D4751524D4AE3808152364D48542D4443444B4A2D46364454422D52544D4D472D52464D594A20);
INSERT INTO `article` VALUES ('9', 'Microsoft Office 2007 官方简体中文免费版 ', null, '0', '6', '2014-01-06 22:46:12', '/91zcm/images/nopic.gif', 0x3C703E0D0A096F666669636532303037E4B88BE8BDBDE587A0E4B98EE58C85E68BACE4BA86576F7264E38081457863656CE38081506F776572506F696E74E380814F75746C6F6F6BE380815075626C6973686572E380814F6E654E6F7465E3808147726F6F7665E380810D0A416363657373E38081496E666F50617468E7AD89E68980E69C89E79A844F6666696365E7BB84E4BBB6E380820D0A3C2F703E0D0A3C703E0D0A09E585B6E4B8AD46726F6E7470616765E58F96E6B6882CE58F96E8808CE4BBA3E4B98BE79A84E698AF0D0A4D6963726F736F6674266E6273703B5368617265506F696E74266E6273703B576562266E6273703B44657369676E6572E4BD9CE4B8BAE7BD91E7AB99E79A84E7BC96E8BE91E7B3BBE7BB9FE380824F6666696365266E6273703B32303037E5AE98E696B9E7AE80E4BD93E4B8ADE69687E5858DE8B4B9E78988E69BB4E99B86E68890E69C890D0A4F75746C6F6F6BE6898BE69CBAE79FADE4BFA12FE5BDA9E4BFA1E69C8DE58AA1E38081E69C80E696B0E4B8ADE69687E68BBCE99FB3E8BE93E585A5E6B3954D535059266E6273703B32303037E4BBA5E58F8AE789B9E588ABE4B8BAE69CACE59CB0E794A8E688B7E5BC80E58F91E79A844F6666696365E58A9FE883BDE380824F6666696365266E6273703B32303037E4BA8E323030360D0AE5B9B4E5B9B4E5BA95E58F91E5B883EFBC8CE98787E794A8E58C85E68BACE2809C526962626F6E73E2809DE59CA8E58685E79A84E585A8E696B0E794A8E688B7E7958CE99DA2E58583E7B4A0EFBC8CE585B6E4BB96E696B0E58A9FE883BDE8BF98E58C85E68BACE2809C546F266E6273703B446FE2809DE5B7A5E585B7E69DA1E4BBA5E58F8A525353E99885E8AFBBE599A8E7AD89E380820D0A3C2F703E0D0A3C6272202F3E0D0AE4B88BE8BDBDE59CB0E59D80EFBC9A3C61207461726765743D225F626C616E6B2220687265663D22687474703A2F2F68312E646F776E7869612E636F6D3A383038312F7770736F6666696365323030372E726172223E687474703A2F2F68312E646F776E7869612E636F6D3A383038312F7770736F6666696365323030372E7261723C2F613E3C6272202F3E0D0A3C703E0D0A093C7370616E3E4D6963726F736F6674266E6273703B4F6666696365266E6273703B32303037266E6273703B53657276696365266E6273703B5061636B266E6273703B32266E6273703B2853503229266E6273703BE58D87E7BAA7E8A1A5E4B881E4B88BE8BDBDEFBC88E4B8ADE69687E78988EFBC89EFBC9A266E6273703B203C6272202F3E0D0A3C2F7370616E3E3C6120687265663D22687474703A2F2F646F776E6C6F61642E6D6963726F736F66742E636F6D2F646F776E6C6F61642F412F332F392F41333945393139452D414641382D343132382D393234392D3531363239323036433730462F6F6666696365323030377370322D6B623935333139352D66756C6C66696C652D7A682D636E2E657865223E687474703A2F2F646F776E6C6F61642E6D6963726F736F66742E636F6D2F646F776E6C6F61642F412F332F392F41333945393139452D414641382D343132382D393234392D3531363239323036433730462F6F6666696365323030377370322D6B623935333139352D66756C6C66696C652D7A682D636E2E6578653C2F613E0D0A3C2F703E, '19', 0x4D6963726F736F6674204F66666963652032303037E698AFE4B880E5A597E794B1E5BEAEE8BDAFE5AE98E696B9E5BC80E58F91E79A84E58A9EE585ACE8BDAFE4BBB62C6F666669636532303037E5858DE8B4B9E78988E4B88BE8BDBDE698AFE5BEAEE8BDAF4F6666696365E4BAA7E59381E58FB2E4B88AE69C80E585B7E5889BE696B0E4B88EE99DA9E591BDE680A7E79A84E4B880E4B8AAE78988E69CAC2CE585A8E696B0E8AEBEE8AEA1E79A84E794A8E688B7E7958CE99DA2E38081E7A8B3E5AE9AE5AE89E585A8E79A84E69687E4BBB6E6A0BCE5BC8FE38081E697A0E7BC9DE9AB98E69588E79A84E6B29FE9809AE58D8FE4BD9CE38082);
INSERT INTO `article` VALUES ('10', 'Adobe Dreamweaver8(DW)序列号,5组可用', null, '1', '2', '2014-01-06 15:21:41', '/images/nopic.gif', 0x31E38081447265616D776561766572382D63687320E5BA8FE58897E58FB73A203C6272202F3E0D0A5750443830302D35393133392D39313433322D3235313435203C6272202F3E0D0A5750443830302D35373933312D37363933322D3534353233203C6272202F3E0D0A5750443830302D35393933312D33323633322D3831393339203C6272202F3E0D0A5750443830302D35353533332D35373233322D3832333038203C6272202F3E0D0A5750443830302D35313133392D39353633322D3331363237203C6272202F3E0D0A3C6272202F3E0D0A32E38081447265616D7765617665723820E5BA8FE58897E58FB7EFBC9A203C6272202F3E0D0A5750443830302D35393933312D35363633322D3731363236, '8', 0x41646F626520447265616D776561766572EFBC8CE7AE80E7A7B0E2809C4457E2809DEFBC8CE698AFE7BE8EE59BBD4D4143524F4D45444941E585ACE58FB8E5BC80E58F91E79A84E99B86E7BD91E9A1B5E588B6E4BD9CE5928CE7AEA1E79086E7BD91E7AB99E4BA8EE4B880E8BAABE79A84E68980E8A781E58DB3E68980E5BE97E7BD91E9A1B5E7BC96E8BE91E599A8EFBC8CE5AE83E698AFE7ACACE4B880E5A597E99288E5AFB9E4B893E4B89AE7BD91E9A1B5E8AEBEE8AEA1E5B888E789B9E588ABE58F91E5B195E79A84E8A786E8A789E58C96E7BD91E9A1B5E5BC80E58F91E5B7A5E585B7EFBC8CE588A9E794A8E5AE83E58FAFE4BBA5E8BDBBE8808CE69893E4B8BEE59CB0E588B6E4BD9CE587BAE8B7A8E8B68AE5B9B3E58FB0E99990E588B6E5928CE8B7A8E8B68AE6B58FE8A788E599A8E99990E588B6E79A84E58585E6BBA1E58AA8E6849FE79A84E7BD91E9A1B5E38082);
INSERT INTO `article` VALUES ('11', 'Macromedia Flash8序列号', null, '0', '2', '2014-01-06 15:24:48', '/images/nopic.gif', 0x31E380814D6163726F6D6564696120466C6173683820E5BA8FE58897E58FB7EFBC9A203C6272202F3E0D0A5750443830302D35333333372D35333533322D30353338303C6272202F3E0D0A3C6272202F3E0D0A32E380814D6163726F6D6564696120466C61736820382E3020E6ADA3E5BC8FE78988E6B3A8E5868CE7A081203C6272202F3E0D0A5750443830302D35303233362D36333533322D3932353338203C6272202F3E0D0A3C6272202F3E0D0A33E380814D6163726F6D6564696120447265616D77656176657220382E3020E6B3A8E5868CE7A081203C6272202F3E0D0A5750443830302D35303833302D32383133322D35373930333C6272202F3E0D0A3C6272202F3E0D0A34E380814D6163726F6D656469612046697265776F726B73382E3020E7AE80E4BD93E4B8ADE69687E6ADA3E5BC8FE78988E6B3A8E5868CE7A081203C6272202F3E0D0A5750443830302D35393333352D31303533322D3638313131203C6272202F3E0D0A5750443830302D35363033302D38333833322D39373931, '3', 0x466C617368E698AFE794B16D6163726F6D65646961E585ACE58FB8E68EA8E587BAE79A84E4BAA4E4BA92E5BC8FE79FA2E9878FE59BBEE5928C2057656220E58AA8E794BBE79A84E6A087E58786EFBC8CE794B141646F6265E585ACE58FB8E694B6E8B4ADE38082);
INSERT INTO `article` VALUES ('12', 'Windows xp正版验证序列号', null, '0', '2', '2014-01-06 15:28:16', '/images/nopic.gif', 0x57696E646F7773207870E5BA8FE58897E58FB7EFBC8CE58886E4B893E4B89AE78988E5928CE5AEB6E5BAADE78988EFBC8CE8AFB7E98089E68BA9E98082E59088E682A8E79A84E78988E69CAC3A3C6272202F3E0D0A33464B42512D33325448372D4433544A422D59425754512D44323656513C6272202F3E0D0A4B584456512D323657524D2D50444750322D434837564A2D42464B47483C6272202F3E0D0A57503654362D44374632482D37543857592D38443337562D42504348333C6272202F3E0D0A344B3633462D46373459472D58435451522D33514654362D3738384A513C6272202F3E0D0A59594632472D324247474D2D384D3448562D4334564B4D2D32373851473C6272202F3E0D0A34393242572D5947434A582D4D375934382D46434A47472D435754434B3C6272202F3E0D0A5138334A472D59525232342D5656444A472D4A4D444A442D54445039323C6272202F3E0D0A43475438432D56504D47562D32324654422D34363632582D504B5257373C6272202F3E0D0A523338524A2D5456334D332D4B57504B572D33543256342D4D373458463C6272202F3E0D0A38325957432D34344457482D56503842342D4D385138472D37584B56473C6272202F3E0D0A47484854542D474A3437362D42463438502D47463458332D5934524A423C6272202F3E0D0A44594A43372D38543336362D51464B56482D375959574A2D37324756393C6272202F3E0D0A474A5757332D58474A51572D5834464D362D58583846342D4D323233463C6272202F3E0D0A43434D484B2D565437484B2D564A52344B2D37524A37542D48504B34513C6272202F3E0D0A584758344D2D4B374D43322D56474A48372D584D5832372D374842504D, '7', 0x57696E646F7773207870E5BA8FE58897E58FB72DE58FAFE9809AE8BF87E6ADA3E78988E9AA8CE8AF81E79A845850E5BA8FE58897E58FB7);
INSERT INTO `article` VALUES ('13', 'Connectify3.7序列号 注册码 密钥', null, '2', '1', '2014-01-06 15:29:59', '/images/nopic.gif', 0x3C703E0D0A3C7072652069643D22616E737765722D636F6E74656E742D313331373836313739372220636C6173733D22616E737765722D74657874206D622D3130223EE8AFB7E59CA8E696ADE7BD91E68385E586B5E4B88BE6BF80E6B4BB213C2F7072653E0D0A3C2F703E0D0A3C703E0D0A0931E38081E982AEE7AEB1EFBC9A6A76656E70696E4071712E636F6D266E6273703B0D0A3C2F703E0D0A3C703E0D0A09E5BA8FE58897E58FB7EFBC9A42434A584E462D523835454B372D45394C3750432D4551484651312D4D47375131432D44414D54424B2D4C584C44464E2D344A4B5855532D465632545A372D554A533238382D4D584C4735472D4150510D0A3C2F703E0D0A3C703E0D0A0932E38081E982AEE7AEB1EFBC9A3530333935373230384071712E636F6D0D0A3C2F703E0D0A3C703E0D0A09E5BA8FE58897E58FB7EFBC9A0D0A4651445534552D4258334A52352D5535523646582D4641475541312D4154464E51312D4334415A54422D4B4C584C48582D544A5242364D2D4B58424152542D3251534347422D3458593348442D4B32505A324C2D410D0A3C2F703E0D0A3C703E0D0A0933E3808120E982AEE7AEB1EFBC9A20776378753231403132362E636F6D203C6272202F3E0D0AE5BA8FE58897E58FB7EFBC9A5145583448522D39564C53324E2D4158464133412D4B384344384D2D3144513751312D4343444454422D4B4C584C39562D32324C43334A2D5758514352572D3238555332382D384D584C47352D474150510D0A3C2F703E, '11', 0x436F6E6E656374696679E698AFE4B880E6ACBEE5BE88E5AE9EE794A8E79A84E5858DE8B4B9E8BDAFE4BBB6E38082E883BDE68A8AE8AEA1E7AE97E69CBAE58F98E68890E4B880E4B8AAE697A0E7BABFE8B7AFE794B1E599A8E38082E5AE83E883BDE9809AE8BF87E682A8E8AEA1E7AE97E69CBAE4B88AE79A84E697A0E7BABFE7BD91E58DA1E58F91E5B084E4B880E4B8AAE697A0E7BABF4150EFBC8CE8AEA9E69C8957694669E58A9FE883BDE79A84E8AEBEE5A487EFBC88E6898BE69CBAE38081E7AC94E8AEB0E69CACEFBC89E4B88AE7BD91E38082);
INSERT INTO `article` VALUES ('14', '最新的windows xp sp3序列号,正版验证', null, '1', '2', '2014-01-06 15:35:29', '/upload/140106155634.png', 0x3C703E0D0A09E69C80E696B0E79A8477696E646F777320787020737033E5BA8FE58897E58FB728E7BB9DE5AFB9E58FAFE9809AE8BF87E6ADA3E78988E9AA8CE8AF812920EFBC9A4D525833462D34374239542D323438374A2D4B574B4D462D525057425928E5B7A5E8A18CE78988290D0A3C2F703E0D0A3C703E0D0A09E58FAFE794A8EFBC9AEFBC88E5BCBAE68EA8E6ADA4E58FB7290D0A51433938362D32374433342D364D3354592D4A4A5850392D5442474D4428E58FB0E6B9BEE4BAA4E5A4A7E5ADA6E7949FE78988290D0A3C2F703E0D0A3C703E0D0A09E58FAFE794A80D0AEFBC9A434D3348592D32365659572D364A5259432D58363647582D4A565932440D0A3C2F703E0D0A3C703E0D0A09E58FAFE794A80D0AEFBC9A445037434D2D5044364D432D36424B58542D4D384A4A362D525058474A0D0A3C2F703E0D0A3C703E0D0A09E58FAFE794A80D0AEFBC9A46343239372D5243574A502D50343832432D59593233592D58483857330D0A3C2F703E0D0A3C703E0D0A09E58FAFE8A385E4B88DE58FAFE58D87E7BAA7EFBC9A0D0A48483756562D36503347392D383254574B2D514B4A4A332D4D585239362020200D0A48435139442D54564357582D58395152472D4A344232592D47523254540D0A3C2F703E0D0A3C703E0D0A0932303133E5B9B4E69BB4E696B03A0D0A3C2F703E0D0A3C703E0D0A0931E3808148435139442D54564357582D58395152472D4A344232592D47523254540D0A3C2F703E0D0A3C703E0D0A0932E3808146343239372D5243574A502D50343832432D59593233592D58483857330D0A3C2F703E0D0A3C703E0D0A0933E380814B324358542D43365450582D57435844502D524D4857542D56345444540D0A3C2F703E0D0A3C703E0D0A0934E38081514859584B2D4A434A52582D58585938592D324B5832582D43435847440D0A3C2F703E0D0A3C703E0D0A0935E3808151433938362D32374433342D364D3354592D4A4A5850392D5442474D440D0A3C2F703E0D0A3C703E0D0A0936E380814D464246372D32434B38422D39334D44422D384D5237542D34515243510D0A3C2F703E0D0A3C703E0D0A0937E38081325151364A2D48475859332D56474832332D48595144432D42595232440D0A3C2F703E0D0A3C703E0D0A0938E38081434D3348592D32365659572D364A5259432D58363647582D4A565932440D0A3C2F703E0D0A3C703E0D0A0939E38081445037434D2D5044364D432D36424B58542D4D384A4A362D525058474A0D0A3C2F703E, '49', 0xE69C80E696B0E79A8477696E646F777320787020737033E5BA8FE58897E58FB728E7BB9DE5AFB9E58FAFE9809AE8BF87E6ADA3E78988E9AA8CE8AF812920EFBC9A4D525833462D34374239542D323438374A2D4B574B4D462D525057425928E5B7A5E8A18CE7898829E58FAFE794A8EFBC9AEFBC88E5BCBAE68EA8E6ADA4E58FB7292051433938362D32374433342D364D3354592D4A4A5850392D5442474D4428E58FB0E6B9BEE4BAA4E5A4A7E5ADA6E7949FE789882920);
INSERT INTO `article` VALUES ('15', '微软 Windows xp sp3 安装序列号', null, '0', '2', '2014-01-06 15:42:04', '/images/nopic.gif', 0x3C703E0D0A09E5BEAEE8BDAF57696E646F7773787020737033E58E9FE78988E5AE89E8A385E5BA8FE58897E58FB73A0D0A3C2F703E0D0A3C7370616E2069643D225F5F6B696E64656469746F725F626F6F6B6D61726B5F73746172745F385F5F223E3C2F7370616E3E44473846562D4239544B592D465254394A2D36435243432D5850513447203C6272202F3E0D0A3C6272202F3E0D0A4D525833462D34374239542D323438374A2D4B574B4D462D52505742593C6272202F3E0D0A3C6272202F3E0D0A434D3348592D32365659572D364A5259432D58363647582D4A565932443C7370616E2069643D225F5F6B696E64656469746F725F626F6F6B6D61726B5F656E645F395F5F223E3C2F7370616E3E3C6272202F3E0D0A3C6272202F3E0D0A44445158572D544851384D2D373956364B2D32594647482D52373933513C6272202F3E0D0A3C6272202F3E0D0A445037434D2D5044364D432D36424B58542D4D384A4A362D525058474A3C6272202F3E0D0A3C6272202F3E0D0A46343239372D5243574A502D50343832432D59593233592D58483857333C6272202F3E0D0A3C6272202F3E0D0A48483756562D36503347392D383254574B2D514B4A4A332D4D585239363C6272202F3E0D0A3C6272202F3E0D0A48435139442D54564357582D58395152472D4A344232592D4752325454, '9', 0xE5BEAEE8BDAF57696E646F7773787020737033E58E9FE78988E5AE89E8A385E5BA8FE58897E58FB744473846562D4239544B592D465254394A2D36435243432D5850513447E380814D525833462D34374239542D323438374A2D4B574B4D462D5250574259E38081434D3348592D32365659572D364A5259432D58363647582D4A56593244E3808144445158572D544851384D2D373956364B2D32594647482D5237393351E38081445037434D2D5044364D432D36424B58542D4D384A4A362D525058474A);
INSERT INTO `article` VALUES ('16', 'Navicat 8.0 for MySQL 的注册码 序列号', null, '0', '1', '2014-01-07 01:50:32', '/images/nopic.gif', 0x3C703E0D0A095072656D69756D536F6674204E61766963617420666F72204D7953514C20456E74657270726973652045646974696F6E2076382E58580D0A3C2F703E0D0A3C703E0D0A094E617669636174203820666F72204D7953514CE79A84E6B3A8E5868CE7A081EFBC9A0D0A3C2F703E0D0A3C6272202F3E0D0AE5A793E5908D284E616D6529EFBC9A39317A636D2E636F6D3C6272202F3E0D0AE7BB84E7BB87284F7267616E697A6174696F6E29EFBC9A39317A636D2E636F6D3C6272202F3E0D0AE6B3A8E5868CE7A0812853657269616C29EFBC9A4E41564A2D573536532D335955552D4D564856, '7', 0x4E617669636174203820666F72204D7953514CE79A84E6B3A8E5868CE7A081EFBC9A5072656D69756D536F6674204E61766963617420666F72204D7953514C20456E74657270726973652045646974696F6E2076382E5858);
INSERT INTO `article` VALUES ('17', 'Navicat for Oracle V8.x 注册码 序列号', null, '0', '1', '2014-01-07 01:51:44', '/images/nopic.gif', 0x4E61766963617420666F72204F7261636C652056382E7820E6B3A8E5868CE7A08120E5BA8FE58897E58FB73C6272202F3E0D0AE5A793E5908D284E616D6529EFBC9A39317A636D2E636F6D3C6272202F3E0D0AE7BB84E7BB87284F7267616E697A6174696F6E29EFBC9A39317A636D2E636F6D3C6272202F3E0D0AE5BA8FE58897E58FB73A3C6272202F3E0D0A4E4156412D595444332D495345452D335444473C6272202F3E0D0A4E4156432D514342562D495359582D574637353C6272202F3E0D0A4E41564E2D505853532D4E4F454F2D35475933, '7', 0x4E61766963617420666F72204F7261636C652056382E7820E6B3A8E5868CE7A08120E5BA8FE58897E58FB73AE5A793E5908D284E616D6529EFBC9A39317A636D2E636F6DEFBC8CE7BB84E7BB87284F7267616E697A6174696F6E29EFBC9A39317A636D2E636F6D);
INSERT INTO `article` VALUES ('18', 'Navicat for Mysql V8.x 序列号 序列号', null, '0', '1', '2014-01-07 01:52:43', '/images/nopic.gif', 0x4E61766963617420666F72204D7973716C2056382E7820E5BA8FE58897E58FB720E5BA8FE58897E58FB73C6272202F3E0D0AE5A793E5908D284E616D6529EFBC9A39317A636D2E636F6D3C6272202F3E0D0AE7BB84E7BB87284F7267616E697A6174696F6E29EFBC9A39317A636D2E636F6D3C6272202F3E0D0A4E41564E2D353346512D555A35532D33434C573C6272202F3E0D0A4E4156452D374844492D54494D4A2D32435A323C6272202F3E0D0A4E4156492D51444A352D4946494D2D5836374C, '6', 0x4E61766963617420666F72204D7973716C2056382E7820E5BA8FE58897E58FB720E5BA8FE58897E58FB73AE5A793E5908D284E616D6529EFBC9A39317A636D2E636F6DEFBC8CE7BB84E7BB87284F7267616E697A6174696F6E29EFBC9A39317A636D2E636F6D);
INSERT INTO `article` VALUES ('19', 'Navicat for PostgreSQL、MySQL、Oracle V8.x 注册码 序列号', null, '2', '1', '2014-01-07 01:53:20', '/upload/140107015655.png', 0x31E380814E61766963617420666F7220506F737467726553514C2056382E7820E6B3A8E5868CE7A08120E5BA8FE58897E58FB7EFBC9A3C6272202F3E0D0AE5A793E5908D284E616D6529EFBC9A39317A636D2E636F6D3C6272202F3E0D0AE7BB84E7BB87284F7267616E697A6174696F6E29EFBC9A39317A636D2E636F6D3C6272202F3E0D0A4E4156482D504C32512D51544B462D4E5557373C6272202F3E0D0A4E41564E2D345051482D594B35582D58534F443C6272202F3E0D0A3C703E0D0A094E41564E2D345051482D594B35582D58534F440D0A3C2F703E0D0A3C703E0D0A093C6272202F3E0D0A3C2F703E0D0A3C703E0D0A0932E380814E61766963617420382E3020666F72204D7953514C20E79A84E6B3A8E5868CE7A08120E5BA8FE58897E58FB7EFBC9A3C6272202F3E0D0A5072656D69756D536F6674204E61766963617420666F72204D7953514C20456E74657270726973652045646974696F6E2076382E58583C6272202F3E0D0AE5A793E5908D284E616D6529EFBC9A39317A636D2E636F6D3C6272202F3E0D0AE7BB84E7BB87284F7267616E697A6174696F6E29EFBC9A39317A636D2E636F6D3C6272202F3E0D0AE6B3A8E5868CE7A0812853657269616C29EFBC9A4E41564A2D573536532D335955552D4D5648563C6272202F3E0D0A3C6272202F3E0D0A3C6272202F3E0D0A33E380814E61766963617420666F72204F7261636C652056382E7820E6B3A8E5868CE7A08120E5BA8FE58897E58FB7EFBC9A3C6272202F3E0D0AE5A793E5908D284E616D6529EFBC9A39317A636D2E636F6D3C6272202F3E0D0AE7BB84E7BB87284F7267616E697A6174696F6E29EFBC9A39317A636D2E636F6D3C6272202F3E0D0AE5BA8FE58897E58FB73A4E3C6272202F3E0D0A4156412D595444332D495345452D335444473C6272202F3E0D0A4E4156432D514342562D495359582D574637353C6272202F3E0D0A4E41564E2D505853532D4E4F454F2D354759333C6272202F3E0D0A3C6272202F3E0D0A34E380814E61766963617420666F72204D7973716C2056382E7820E5BA8FE58897E58FB720E5BA8FE58897E58FB7EFBC9A3C6272202F3E0D0AE5A793E5908D284E616D6529EFBC9A39317A636D2E636F6D3C6272202F3E0D0AE7BB84E7BB87284F7267616E697A6174696F6E29EFBC9A39317A636D2E636F6D3C6272202F3E0D0A4E41564E2D353346512D555A35532D33434C573C6272202F3E0D0A4E4156452D374844492D54494D4A2D32435A323C6272202F3E0D0A4E4156492D51444A352D4946494D2D5836374C0D0A3C2F703E0D0A3C703E0D0A093C6272202F3E0D0A3C2F703E, '23', 0xE6B3A8E5868CE7A081E38081E5BA8FE58897E58FB73A4E61766963617420666F7220506F737467726553514C2056382E7820E380814E61766963617420382E3020666F72204D7953514CE380814E61766963617420666F72204F7261636C652056382E78E380814E61766963617420666F72204D7973716C2056382E7820);
INSERT INTO `article` VALUES ('20', 'navicat8_mysql_cs 注册码 ', null, '0', '1', '2014-01-07 01:58:08', '/images/nopic.gif', 0x3C703E0D0A0931E380816E617669636174385F6D7973716C5F637320E6B3A8E5868CE7A08120EFBC9A0D0A3C2F703E0D0A3C703E0D0A09E5A793E5908D284E616D6529EFBC9A39317A636D2E636F6D3C6272202F3E0D0AE7BB84E7BB87284F7267616E697A6174696F6E29EFBC9A39317A636D2E636F6D3C6272202F3E0D0AE6B3A8E5868CE7A0812853657269616C29EFBC9A4E41564A2D573536532D335955552D4D5648560D0A3C2F703E0D0A3C703E0D0A093C6272202F3E0D0A3C2F703E0D0A3C703E0D0A0932E380815072656D69756D536F6674204E61766963617420666F72204D7953514C20456E74657270726973652045646974696F6E2076382E58583C6272202F3E0D0AE5A793E5908D284E616D6529EFBC9A39317A636D2E636F6D3C6272202F3E0D0AE7BB84E7BB87284F7267616E697A6174696F6E29EFBC9A39317A636D2E636F6D3C6272202F3E0D0AE6B3A8E5868CE7A0812853657269616C29EFBC9A4E41564A2D573536532D335955552D4D5648560D0A3C2F703E0D0A3C6272202F3E, '20', 0x4E617669636174203820666F72204D7953514CE79A84E6B3A8E5868CE7A081EFBC9A5072656D69756D536F6674204E61766963617420666F72204D7953514C20456E74657270726973652045646974696F6E2076382E5858);
INSERT INTO `article` VALUES ('21', 'windows 7 各版本序列号激活码收集整理', null, '1', '3', '2014-01-07 14:04:46', '/upload/140107141041.png', 0x31E3808157696E646F7773203720486F6D65205072656D69756D20E5BA8FE58897E58FB73A203C6272202F3E0D0A56514233582D51334B50382D574A3248382D52364236442D37514A4237203C6272202F3E0D0A3C6272202F3E0D0A32E3808157696E646F777320372050726F66657373696F6E616C20E5BA8FE58897E58FB73A203C6272202F3E0D0A594B4846542D4B573938362D474B3450592D46445759482D3754503946203C6272202F3E0D0A3C6272202F3E0D0A33E3808157696E646F7773203720E69797E888B0E7898820E5BA8FE58897E58FB73A203C6272202F3E0D0A3232544B442D46385858362D59473639462D394D3636442D504D4A424D203C6272202F3E0D0A3C6272202F3E0D0A3C703E0D0A0934E38081484F4D45205052454D20284F454D2D38393932363837290D0A3C2F703E0D0A56514233582D51334B50382D574A3248382D52364236442D37514A4237202D2D2D202A2A2A78782D4F454D2D383939323638372D3030303036202D2D2D20414345522F474154455741592F5041434B4152442042454C4C203C6272202F3E0D0A32514442582D39543848522D32515754362D484351584A2D3959515452202D2D2D202A2A2A78782D4F454D2D383939323638372D3030303037202D2D2D2041535553203C6272202F3E0D0A34464739392D42433348442D37334351542D574D46374A2D3351364339202D2D2D202A2A2A78782D4F454D2D383939323638372D3030303130202D2D2D204850203C6272202F3E0D0A435142564A2D394A3639372D50574239522D344B3757342D324254344A202D2D2D202A2A2A78782D4F454D2D383939323638372D3030303135202D2D2D2053414D53554E47203C6272202F3E0D0A48344A57582D57484B57542D56475638372D433758504B2D43474B4851202D2D2D202A2A2A78782D4F454D2D383939323638372D3030303136202D2D2D20534F4E59203C6272202F3E0D0A36474633362D50344857522D42464638342D36474643322D4257583737202D2D2D202A2A2A78782D4F454D2D383939323638372D3030303137202D2D2D20544F5348494241203C6272202F3E0D0A364238384B2D4B434357592D344638484B2D4D345037332D5738445147202D2D2D202A2A2A78782D4F454D2D383939323638372D3030303537202D2D2D20544F5348494241203C6272202F3E0D0A36524242542D46385650512D51435056512D4B485242382D524D563832202D2D2D202A2A2A78782D4F454D2D383939323638372D3030303935202D2D2D2044454C4C203C6272202F3E0D0A374A5157512D4B364B57512D424A4436432D4B335956482D4456514A47202D2D2D202A2A2A78782D4F454D2D383939323638372D3030313138202D2D2D2041535553202845656529203C6272202F3E0D0A3C6272202F3E0D0A35E3808150524F46455353494F4E414C20284F454D2D3839393236373129203C6272202F3E0D0A594B4846542D4B573938362D474B3450592D46445759482D3754503946202D2D2D202A2A2A78782D4F454D2D383939323637312D3030303034202D2D2D20414345522F474154455741592F5041434B4152442042454C4C203C6272202F3E0D0A373454324D2D444B4442432D37383857332D48363839472D3650364754202D2D2D202A2A2A78782D4F454D2D383939323637312D3030303038202D2D2D204850203C6272202F3E0D0A474D4A51462D4A433756432D3736484D482D4D34524B592D5634485836202D2D2D202A2A2A78782D4F454D2D383939323637312D3030303133202D2D2D2053414D53554E47203C6272202F3E0D0A48394D32362D3642584A502D58584643592D37425234562D323458384A202D2D2D202A2A2A78782D4F454D2D383939323637312D3030303134202D2D2D20534F4E59203C6272202F3E0D0A33324B44322D4B394354462D4D33444A542D344A3357432D3733335744202D2D2D202A2A2A78782D4F454D2D383939323637312D3030353234202D2D2D2044454C4C203C6272202F3E0D0A3C6272202F3E0D0A36E38081554C54494D41544520284F454D2D3839393236363229203C6272202F3E0D0A464A4743502D3444464A442D474A5934392D564A4251372D4859525232202D2D2D202A2A2A78782D4F454D2D383939323636322D3030303036202D2D2D20414345522F474154455741592F5041434B4152442042454C4C203C6272202F3E0D0A34395042362D36424A36592D4B484743512D37444459362D5446374344202D2D2D202A2A2A78782D4F454D2D383939323636322D3030303135202D2D2D2053414D53554E47203C6272202F3E0D0A33343244472D36594A52382D58393247562D56374443562D50344B3237202D2D2D202A2A2A78782D4F454D2D383939323636322D3030343030202D2D2D2044454C4C203C6272202F3E0D0A3232544B442D46385858362D59473639462D394D3636442D504D4A424D202D2D2D202A2A2A78782D4F454D2D383939323636322D3030343937202D2D2D2049424D2D4C454E4F564F203C6272202F3E0D0A3C703E0D0A093C6272202F3E0D0A3C2F703E0D0A3C703E0D0A0937E38081E59381E7898CE794B5E8849177696E37E6B3A8E5868CE7A081EFBC9A0D0A3C2F703E0D0A41636572EFBC9A20464A4743502D3444464A442D474A5934392D564A4251372D4859525232203C6272202F3E0D0A44656C6CEFBC9A2033343244472D36594A52382D58393247562D56374443562D50344B3237203C6272202F3E0D0AE88194E683B3EFBC9A203232544B442D46385858362D59473639462D394D3636442D504D4A424D203C6272202F3E0D0AE4B889E6989FEFBC9A2034395042362D36424A36592D4B484743512D37444459362D5446374344203C6272202F3E0D0A41636572EFBC9A20594B4846542D4B573938362D474B3450592D46445759482D3754503946203C6272202F3E0D0A44656C6CEFBC9A2033324B44322D4B394354462D4D33444A542D344A3357432D3733335744203C6272202F3E0D0AE683A0E699AEEFBC9A20373454324D2D444B4442432D37383857332D48363839472D3650364754203C6272202F3E0D0AE4B889E6989FEFBC9A20474D4A51462D4A433756432D3736484D482D4D34524B592D5634485836203C6272202F3E0D0A534F4E5920EFBC9A48394D32362D3642584A502D58584643592D37425234562D323458384A203C6272202F3E0D0A41737573EFBC9A374A5157512D4B364B57512D424A4436432D4B335956482D4456514A47203C6272202F3E0D0A41737573EFBC9A32514442582D39543848522D32515754362D484351584A2D3959515452203C6272202F3E0D0A44656C6CEFBC9A2036524242542D46385650512D51435056512D4B485242382D524D563832203C6272202F3E0D0AE683A0E699AEEFBC9A2034464739392D42433348442D37334351542D574D46374A2D3351364339203C6272202F3E0D0AE4B889E6989FEFBC9A20435142564A2D394A3639372D50574239522D344B3757342D324254344A203C6272202F3E0D0A534F4E59EFBC9A2048344A57582D57484B57542D56475638372D433758504B2D43474B4851203C6272202F3E0D0A3C703E0D0A09544F5348494241EFBC9A364238384B2D4B434357592D344638484B2D4D345037332D57384451473C6272202F3E0D0A544F5348494241EFBC9A36474633362D50344857522D42464638342D36474643322D4257583737203C6272202F3E0D0A5061636B6172642042656C6CEFBC9A2056514233582D51334B50382D574A3248382D52364236442D37514A4237203C6272202F3E0D0A44656C6CEFBC9A2033365133592D42425438342D4D474A33482D46543756442D464737324A0D0A3C2F703E0D0AE683A0E699AEEFBC9A2052483938432D4D395057342D36444852372D583939504A2D3346474442203C6272202F3E0D0A47617465776179EFBC9A2052444A58522D334D3332422D464A5433322D514D5047422D4743464636203C6272202F3E0D0A546F7368696261EFBC9A205447424B422D394B42474A2D3359334A362D4B384D32462D4A32484A51203C6272202F3E0D0A3C6272202F3E0D0AE5AFBCE585A5E2809C4F454DE5AF86E992A5E2809DE696B9E6B395EFBC88E7A4BAE4BE8BEFBC89EFBC9A203C6272202F3E0D0A31E38082E4BBA5E2809CE7AEA1E79086E59198E8BAABE4BBBDE2809DE8BF90E8A18CE2809CE591BDE4BBA4E68F90E7A4BAE7ACA6E2809DEFBC9B203C6272202F3E0D0A32E38082E994AEE585A5736C6D67722E766273202D69706B2078787878782D78787878782D78787878782D78787878782D7878787878203C6272202F3E0D0AE58F8BE68385E68F90E7A4BAEFBC9A203C6272202F3E0D0AE2809C4F454DE5AF86E992A5E2809DE58FAAE5AFB9E2809CE79BB8E5BA94E2809D57696E646F77732037E78988E69CACEFBC8CE4B88DE4BC9AE2809CE68C91E58994E2809DE8AEA1E7AE97E69CBAE59381E7898CE38082, '25', 0x31E3808157696E646F7773203720486F6D65205072656D69756D20E5BA8FE58897E58FB73A56514233582D51334B50382D574A3248382D52364236442D37514A4237EFBC9B32E3808157696E646F777320372050726F66657373696F6E616C20E5BA8FE58897E58FB73A594B4846542D4B573938362D474B3450592D46445759482D375450394620);
INSERT INTO `article` VALUES ('22', '2013 年开源中国 10 大热门 Java 开源项目', null, '0', '6', '2014-01-07 15:05:41', '/images/nopic.gif', 0xE69CACE68E92E8A18CE6A69CE4B8BBE8A681E698AFE99288E5AFB9E5BC80E6BA90E4B8ADE59BBDE7A4BEE58CBAE59CA832303133E5B9B4E5BAA6E69C80E58F97E6ACA2E8BF8EE79A8420313020E5A4A7E783ADE997A8204A61766120E5BC80E6BA90E9A1B9E79BAEE6A0B9E68DAEE794A8E688B7E8AEBFE997AEE9878FE38081E8AEA8E8AEBAE5928CE585B3E6B3A8E7AD89E8A792E5BAA6E8BF9BE8A18CE7AD9BE98089EFBC8CE4BB8EE8808CE5BE97E587BAE5898D20313020E5908DE79A84204A61766120E5BC80E6BA90E8BDAFE4BBB6E58897E8A1A8EFBC9A3C6272202F3E0D0A3C6272202F3E0D0A312E204A46696E616C3C6272202F3E0D0A4A46696E616C20E698AFE59FBAE4BA8E204A61766120E8AFADE8A880E79A84E69E81E9809F20574542202B204F524D20E6A186E69EB6EFBC8CE585B6E6A0B8E5BF83E8AEBEE8AEA1E79BAEE6A087E698AFE5BC80E58F91E8BF85E9809FE38081E4BBA3E7A081E9878FE5B091E38081E5ADA6E4B9A0E7AE80E58D95E38081E58A9FE883BDE5BCBAE5A4A7E38081E8BDBBE9878FE7BAA7E38081E69893E689A9E5B195E380815265737466756CE38082E59CA8E68BA5E69C894A617661E8AFADE8A880E68980E69C89E4BC98E58ABFE79A84E5908CE697B6E5868DE68BA5E69C8972756279E38081707974686F6EE38081706870E7AD89E58AA8E68081E8AFADE8A880E79A84E5BC80E58F91E69588E78E87EFBC813C6272202F3E0D0AE68E88E69D83E58D8FE8AEAEEFBC9A4170616368653C6272202F3E0D0AE6BA90E7A081E4B88BE8BDBDEFBC9A687474703A2F2F6769742E6F736368696E612E6E65742F6A66696E616C2F6A66696E616C3C6272202F3E0D0A3C6272202F3E0D0A322E2043617373616E6472613C6272202F3E0D0A4170616368652043617373616E647261E698AFE4B880E5A597E5BC80E6BA90E58886E5B883E5BC8F4B65792D56616C7565E5AD98E582A8E7B3BBE7BB9FE38082E5AE83E69C80E5889DE794B146616365626F6F6BE5BC80E58F91EFBC8CE794A8E4BA8EE582A8E5AD98E789B9E588ABE5A4A7E79A84E695B0E68DAEE3808246616365626F6F6BE79BAEE5898DE59CA8E4BDBFE794A8E6ADA4E7B3BBE7BB9FE380823C6272202F3E0D0AE4B8BBE8A681E789B9E680A7EFBC9A3C6272202F3E0D0A266E6273703B266E6273703B266E6273703B20E58886E5B883E5BC8F3C6272202F3E0D0A266E6273703B266E6273703B266E6273703B20E59FBAE4BA8E636F6C756D6EE79A84E7BB93E69E84E58C963C6272202F3E0D0A266E6273703B266E6273703B266E6273703B20E9AB98E4BCB8E5B195E680A73C6272202F3E0D0AE68E88E69D83E58D8FE8AEAEEFBC9A4170616368653C6272202F3E0D0AE6BA90E7A081E4B88BE8BDBDEFBC9A687474703A2F2F6769742D7769702D75732E6170616368652E6F72672F7265706F732F6173662F63617373616E6472612E67697420266E6273703B3C6272202F3E0D0A3C6272202F3E0D0A332E204A736F75703C6272202F3E0D0A6A736F757020E698AFE4B880E6ACBE204A61766120E79A8448544D4C20E8A7A3E69E90E599A8EFBC8CE58FAFE79BB4E68EA5E8A7A3E69E90E69F90E4B8AA55524CE59CB0E59D80E3808148544D4CE69687E69CACE58685E5AEB9E38082E5AE83E68F90E4BE9BE4BA86E4B880E5A597E99D9EE5B8B8E79C81E58A9BE79A84415049EFBC8CE58FAFE9809AE8BF87444F4DEFBC8C435353E4BBA5E58F8AE7B1BBE4BCBCE4BA8E4A5175657279E79A84E6938DE4BD9CE696B9E6B395E69DA5E58F96E587BAE5928CE6938DE4BD9CE695B0E68DAEE380823C6272202F3E0D0A6A736F7570E79A84E4B8BBE8A681E58A9FE883BDE5A682E4B88BEFBC9A3C6272202F3E0D0A266E6273703B266E6273703B266E6273703B20E4BB8EE4B880E4B8AA55524CEFBC8CE69687E4BBB6E68896E5AD97E7ACA6E4B8B2E4B8ADE8A7A3E69E9048544D4CEFBC9B3C6272202F3E0D0A266E6273703B266E6273703B266E6273703B20E4BDBFE794A8444F4DE68896435353E98089E68BA9E599A8E69DA5E69FA5E689BEE38081E58F96E587BAE695B0E68DAEEFBC9B3C6272202F3E0D0A266E6273703B266E6273703B266E6273703B20E58FAFE6938DE4BD9C48544D4CE58583E7B4A0E38081E5B19EE680A7E38081E69687E69CAC3C6272202F3E0D0AE68E88E69D83E58D8FE8AEAEEFBC9A4D49543C6272202F3E0D0AE6BA90E7A081E4B88BE8BDBDEFBC9A687474703A2F2F6A736F75702E6F72672F7061636B616765732F6A736F75702D312E372E332D736F75726365732E6A61723C6272202F3E0D0A3C6272202F3E0D0A342E2044727569643C6272202F3E0D0A266E6273703B266E6273703B266E6273703B204472756964E698AFE4B880E4B8AA4A444243E7BB84E4BBB6EFBC8CE5AE83E58C85E68BACE4B889E983A8E58886EFBC9A203C6272202F3E0D0A266E6273703B266E6273703B266E6273703B20447275696444726976657220E4BBA3E79086447269766572EFBC8CE883BDE5A49FE68F90E4BE9BE59FBAE4BA8E46696C746572EFBC8D436861696EE6A8A1E5BC8FE79A84E68F92E4BBB6E4BD93E7B3BBE38082203C6272202F3E0D0A266E6273703B266E6273703B266E6273703B20447275696444617461536F7572636520E9AB98E69588E58FAFE7AEA1E79086E79A84E695B0E68DAEE5BA93E8BF9EE68EA5E6B1A0E38082203C6272202F3E0D0A266E6273703B266E6273703B266E6273703B2053514C5061727365722053514CE8A7A3E69E90E599A83C6272202F3E0D0A3C6272202F3E0D0AE68E88E69D83E58D8FE8AEAEEFBC9A4170616368653C6272202F3E0D0AE6BA90E7A081E4B88BE8BDBDEFBC9A687474703A2F2F6769742E6F736368696E612E6E65742F77656E7368616F2F64727569643C6272202F3E0D0A3C6272202F3E0D0A352E20666173746A736F6E3C6272202F3E0D0A666173746A736F6E20E698AFE4B880E4B8AAE680A7E883BDE5BE88E5A5BDE79A84204A61766120E8AFADE8A880E5AE9EE78EB0E79A84204A534F4E20E8A7A3E69E90E599A8E5928CE7949FE68890E599A8EFBC8CE69DA5E887AAE998BFE9878CE5B7B4E5B7B4E79A84E5B7A5E7A88BE5B888E5BC80E58F91E380823C6272202F3E0D0AE4B8BBE8A681E789B9E782B9EFBC9A3C6272202F3E0D0A266E6273703B266E6273703B266E6273703B20E5BFABE9809F464153542028E6AF94E585B6E5AE83E4BBBBE4BD95E59FBAE4BA8E4A617661E79A84E8A7A3E69E90E599A8E5928CE7949FE68890E599A8E69BB4E5BFABEFBC8CE58C85E68BAC6A61636B736F6EEFBC893C6272202F3E0D0A266E6273703B266E6273703B266E6273703B20E5BCBAE5A4A7EFBC88E694AFE68C81E699AEE9809A4A444BE7B1BBE58C85E68BACE4BBBBE6848F4A617661204265616E20436C617373E38081436F6C6C656374696F6EE380814D6170E3808144617465E68896656E756DEFBC893C6272202F3E0D0A266E6273703B266E6273703B266E6273703B20E99BB6E4BE9DE8B596EFBC88E6B2A1E69C89E4BE9DE8B596E585B6E5AE83E4BBBBE4BD95E7B1BBE5BA93E999A4E4BA864A444BEFBC893C6272202F3E0D0AE68E88E69D83E58D8FE8AEAEEFBC9A4170616368653C6272202F3E0D0AE6BA90E7A081E4B88BE8BDBDEFBC9A687474703A2F2F6769742E6F736368696E612E6E65742F77656E7368616F2F666173746A736F6E3C6272202F3E0D0A3C6272202F3E0D0A362E20536F6E61723C6272202F3E0D0A536F6E61722028536F6E61725175626529E698AFE4B880E4B8AAE5BC80E6BA90E5B9B3E58FB0EFBC8CE794A8E4BA8EE7AEA1E79086E6BA90E4BBA3E7A081E79A84E8B4A8E9878FE38082536F6E617220E4B88DE58FAAE698AFE4B880E4B8AAE8B4A8E9878FE695B0E68DAEE68AA5E5918AE5B7A5E585B7EFBC8CE69BB4E698AFE4BBA3E7A081E8B4A8E9878FE7AEA1E79086E5B9B3E58FB0E38082E694AFE68C81E79A84E8AFADE8A880E58C85E68BACEFBC9A4A617661E38081504850E380814323E3808143E38081436F626F6CE38081504C2F53514CE38081466C657820E7AD89E380823C6272202F3E0D0AE4B8BBE8A681E789B9E782B9EFBC9A3C6272202F3E0D0A266E6273703B266E6273703B266E6273703B20E4BBA3E7A081E8A686E79B96EFBC9AE9809AE8BF87E58D95E58583E6B58BE8AF95EFBC8CE5B086E4BC9AE698BEE7A4BAE593AAE8A18CE4BBA3E7A081E8A2ABE98089E4B8AD3C6272202F3E0D0A266E6273703B266E6273703B266E6273703B20E694B9E59684E7BC96E7A081E8A784E588993C6272202F3E0D0A266E6273703B266E6273703B266E6273703B20E6909CE5AFBBE7BC96E7A081E8A784E58899EFBC9AE68C89E785A7E5908DE5AD97EFBC8CE68F92E4BBB6EFBC8CE6BF80E6B4BBE7BAA7E588ABE5928CE7B1BBE588ABE8BF9BE8A18CE69FA5E8AFA23C6272202F3E0D0A266E6273703B266E6273703B266E6273703B20E9A1B9E79BAEE6909CE5AFBBEFBC9AE68C89E785A7E9A1B9E79BAEE79A84E5908DE5AD97E8BF9BE8A18CE69FA5E8AFA23C6272202F3E0D0A266E6273703B266E6273703B266E6273703B20E5AFB9E6AF94E695B0E68DAEEFBC9AE6AF94E8BE83E5908CE4B880E5BCA0E8A1A8E4B8ADE79A84E4BBBBE4BD95E6B58BE9878FE79A84E8B68BE58ABF3C6272202F3E0D0AE68E88E69D83E58D8FE8AEAEEFBC9A4C47504C3C6272202F3E0D0AE6BA90E7A081E4B88BE8BDBDEFBC9A687474703A2F2F7777772E736F6E6172717562652E6F72672F646F776E6C6F6164732F3C6272202F3E0D0A3C6272202F3E0D0A372E20547769747465722053746F726D3C6272202F3E0D0A54776974746572E5B08653746F726DE6ADA3E5BC8FE5BC80E6BA90E4BA86EFBC8CE8BF99E698AFE4B880E4B8AAE58886E5B883E5BC8FE79A84E38081E5AEB9E99499E79A84E5AE9EE697B6E8AEA1E7AE97E7B3BBE7BB9FEFBC8CE5AE83E8A2ABE68998E7AEA1E59CA8476974487562E4B88AEFBC8CE981B5E5BEAA2045636C69707365205075626C6963204C6963656E736520312E30E3808253746F726DE698AFE794B14261636B54797065E5BC80E58F91E79A84E5AE9EE697B6E5A484E79086E7B3BBE7BB9FEFBC8C4261636B54797065E78EB0E59CA8E5B7B2E59CA854776974746572E9BABEE4B88BE380823C6272202F3E0D0AE68E88E69D83E58D8FE8AEAEEFBC9A45504C3C6272202F3E0D0AE6BA90E7A081E4B88BE8BDBDEFBC9A68747470733A2F2F6769746875622E636F6D2F6E617468616E6D61727A2F73746F726D3C6272202F3E0D0A3C6272202F3E0D0A382E20437275697365436F6E74726F6C3C6272202F3E0D0A437275697365436F6E74726F6CE698AFE4B880E4B8AAE99288E5AFB9E68C81E7BBADE69E84E5BBBAE7A88BE5BA8F28E9A1B9E79BAEE68C81E7BBADE99B86E6889029E79A84E6A186E69EB62CE5AE83E58C85E68BACE4B880E4B8AA656D61696CE9809AE79FA5E79A84E68F92E4BBB6EFBC8C416E74E5928CE59084E7A78DE59084E6A0B7E79A84435653E5B7A5E585B7E38082437275697365436F6E74726F6CE68F90E4BE9BE4BA86E4B880E4B8AA576562E68EA5E58FA32C20E58FAFE99A8FE697B6E69FA5E79C8BE5BD93E5898DE79A84E7BC96E8AF91E78AB6E586B5E5928CE58E86E58FB2E78AB6E586B53C6272202F3E0D0AE68E88E69D83E58D8FE8AEAEEFBC9A4253443C6272202F3E0D0AE6BA90E7A081E4B88BE8BDBDEFBC9A687474703A2F2F736F75726365666F7267652E6E65742F702F637275697365636F6E74726F6C2F636F64652F484541442F747265652F3C6272202F3E0D0A3C6272202F3E0D0A392E20534C46344A3C6272202F3E0D0A534C46344AE698AFE4B8BAE59084E7A78D6C6F67696E672041504973E68F90E4BE9BE4B880E4B8AAE7AE80E58D95E7BB9FE4B880E79A84E68EA5E58FA3EFBC8CE4BB8EE8808CE4BDBFE5BE97E69C80E7BB88E794A8E688B7E883BDE5A49FE59CA8E983A8E7BDB2E79A84E697B6E58099E9858DE7BDAEE887AAE5B7B1E5B88CE69C9BE79A846C6F67696E672041504973E5AE9EE78EB0E38082204C6F6767696E6720415049E5AE9EE78EB0E697A2E58FAFE4BBA5E98089E68BA9E79BB4E68EA5E5AE9EE78EB0534C46344AE68EA5E79A846C6F67696E672041504973E5A682EFBC9A204E4C4F47344AE3808153696D706C654C6F67676572E38082E4B99FE58FAFE4BBA5E9809AE8BF87534C46344AE68F90E4BE9BE79A84415049E5AE9EE78EB0E69DA5E5BC80E58F91E79BB8E5BA94E79A84E98082E9858DE599A8E5A6824C6F67346A4C6F6767657241646170746572E38081204A444B31344C6F6767657241646170746572E380823C6272202F3E0D0AE68E88E69D83E58D8FE8AEAEEFBC9A4D49543C6272202F3E0D0AE6BA90E7A081E4B88BE8BDBDEFBC9A68747470733A2F2F6769746875622E636F6D2F716F732D63682F736C66346A3C6272202F3E0D0A3C6272202F3E0D0A31302E20537072696E6720446174613C6272202F3E0D0A537072696E67204461746120E9A1B9E79BAEE79A84E79BAEE79A84E698AFE4B8BAE4BA86E7AE80E58C96E69E84E5BBBAE59FBAE4BA8E20537072696E6720E6A186E69EB6E5BA94E794A8E79A84E695B0E68DAEE8AEBFE997AEE8AEA1E695B0EFBC8CE58C85E68BACE99D9EE585B3E7B3BBE695B0E68DAEE5BA93E380814D61702D52656475636520E6A186E69EB6E38081E4BA91E695B0E68DAEE69C8DE58AA1E7AD89E7AD89EFBC9BE58FA6E5A496E4B99FE58C85E590ABE5AFB9E585B3E7B3BBE695B0E68DAEE5BA93E79A84E8AEBFE997AEE694AFE68C81E380823C6272202F3E0D0AE68E88E69D83E58D8FE8AEAEEFBC9A4170616368653C6272202F3E0D0AE6BA90E7A081E4B88BE8BDBDEFBC9A687474703A2F2F6769746875622E636F6D2F737072696E672D70726F6A656374732F737072696E672D646174613C6272202F3E0D0A3C6272202F3E0D0A3C703E0D0A09E585B6E4BB96E8AFADE8A880E79A84E783ADE997A8E68E92E8A18CE6A69CE4B99FE5B086E99986E7BBADE58F91E5B883EFBC8CE695ACE8AFB7E69C9FE5BE85E380820D0A3C2F703E0D0A3C703E0D0A09E8BDACE887AAEFBC9A3C61207461726765743D225F626C616E6B2220687265663D22687474703A2F2F7777772E6F736368696E612E6E65742F6E6577732F34373538382F323031332D746F702D31302D6A6176612D70726F6A65637473223E687474703A2F2F7777772E6F736368696E612E6E65742F6E6577732F34373538382F323031332D746F702D31302D6A6176612D70726F6A656374733C2F613E200D0A3C2F703E, '20', 0x3230313320E5B9B4E7BB93E69D9FE4BA86EFBC8CE68891E4BBACE6A0B9E68DAEE8BF87E58EBBE4B880E5B9B4E79A84E794A8E688B7E8AEBFE997AEE38081E4BAA4E6B581E58886E4BAABE5928CE9A1B9E79BAEE69CACE8BAABE79A84E69BB4E696B0E9A291E5BAA6E7AD89E8AFB8E5A49AE8A792E5BAA6E5AFB9E694B6E5BD95E4BA8EE5BC80E6BA90E4B8ADE59BBDE79A84E8BF91E4B889E4B887E6ACBEE5BC80E6BA90E8BDAFE4BBB6E8BF9BE8A18CE7BB9FE8AEA1EFBC8CE4BB8EE8808CE5BE97E587BAE5898D20585820E5908DE69C80E58F97E6ACA2E8BF8EE79A84E5BC80E6BA90E8BDAFE4BBB6EFBC8CE4BB85E4BE9BE58F82E88083E38082);
INSERT INTO `article` VALUES ('23', 'office2010密钥 注册码 激活码 序列号永久使用', null, '0', '2', '2014-01-08 01:16:21', '/images/nopic.gif', 0x6F666669636532303130E5AF86E992A520E6B3A8E5868CE7A08120E6BF80E6B4BBE7A08120E5BA8FE58897E58FB7E6B0B8E4B985E4BDBFE794A8EFBC9A3C6272202F3E0D0A3C6272202F3E0D0A31E380814F66666963652050726F66657373696F6E616C20506C75732032303130EFBC9A3C6272202F3E0D0A36514644582D50594832472D50505946442D4337524A4D2D42424B51383C6272202F3E0D0A42444433472D584D3746422D424432484D2D594B3633562D565146444B3C6272202F3E0D0A3C6272202F3E0D0A32E380814F66666963652050726F66657373696F6E616C20506C75732032303130EFBC9AEFBC88564CEFBC893C6272202F3E0D0A4D4B4347432D46425852582D424D4A58362D46335138432D32514336503C6272202F3E0D0A565942424A2D54524A50422D51465152462D51465434442D48334756423C6272202F3E0D0A3C6272202F3E0D0A33E380815368617265506F696E74205365727665722032303130EFBC9AEFBC88456E7465727072697365EFBC893C6272202F3E0D0A36564357542D51425156442D4847374B442D38425738432D50425837543C6272202F3E0D0A3C6272202F3E0D0A34E380815368617265506F696E74205365727665722032303130EFBC9AEFBC885374616E64617264EFBC893C6272202F3E0D0A48513933372D50503639582D384B334B522D56595932462D5250484233, '3', 0x6F666669636532303130E5AF86E992A520E6B3A8E5868CE7A08120E6BF80E6B4BBE7A08120E5BA8FE58897E58FB7E6B0B8E4B985E4BDBFE794A83A6F666669636532303130E5AF86E992A52C6F666669636532303130E6B3A8E5868CE7A0812C6F666669636532303130E6BF80E6B4BBE7A0812C6F666669636532303130E5BA8FE58897E58FB7);
INSERT INTO `article` VALUES ('24', 'Office 2010正版激活密钥 中文版注册码 激活码', null, '0', '3', '2014-01-08 01:19:22', '/images/nopic.gif', 0x4F66666963652032303130204265746132E4B8ADE69687E78988E5AF86E992A5EFBC9A3C6272202F3E0D0A3C6272202F3E0D0A32505748592D4B543458362D39365059572D58515237562D48573257393C6272202F3E0D0A37584432582D4A574A39342D42434842572D57395758502D4A325750543C6272202F3E0D0A59463739432D37593442342D50474D38392D36424B474A2D34365042543C6272202F3E0D0A50594D44572D38444659322D59363842422D58484447442D43543434333C6272202F3E0D0A3C6272202F3E0D0A4F66666963652032303130204265746132E4B88BE8BDBDE5928CE6BF80E6B4BBE79A84E696B9E6B395EFBC9A3C6272202F3E0D0A3C6272202F3E0D0AE6BF80E6B4BBE696B9E6B395EFBC9A3C6272202F3E0D0A3C6272202F3E0D0AE68891E4BBACE5BBBAE8AEAEE682A8E5AE8CE68890E5AE89E8A385E5908EE5B0BDE5BFABE6BF80E6B4BB204F66666963652050726F66657373696F6E616C20506C757320323031302042657461E380823C6272202F3E0D0A3C6272202F3E0D0AE5AE89E8A385204D6963726F736F6674204F66666963652050726F66657373696F6E616C20506C75732032303130204265746120E5908EEFBC8CE8AFB7E68C89E785A7E4BBA5E4B88BE6ADA5E9AAA4E8BF9BE8A18CE6938DE4BD9CEFBC9A3C6272202F3E0D0A3C6272202F3E0D0AE6ADA5E9AAA42031EFBC9A20E68993E5BC80204D6963726F736F667420576F726420323031302042657461EFBC8CE784B6E5908EE58D95E587BBE2809CE69687E4BBB6E2809DE98089E9A1B9E58DA1E38082E5B086E698BEE7A4BAE5908EE58FB0E9AA8CE8AF81E8A786E59BBEE38082E68EA5E79D80EFBC8CE58D95E587BBE5B7A6E8BEB9E98089E9A1B9E58DA1E99B86E59088E4B8ADE79A84E2809CE5B8AEE58AA9E2809DE380823C6272202F3E0D0A3C6272202F3E0D0AE6ADA5E9AAA42032EFBC9A20E58D95E587BBE5B18FE5B995E58FB3E4BEA7E79A84E2809CE69BB4E694B9E4BAA7E59381E5AF86E992A5E2809DE380823C6272202F3E0D0A3C6272202F3E0D0AE6ADA5E9AAA42033EFBC9A20E8BE93E585A5E4B88AE99DA2E698BEE7A4BAE79A84E5A49AE6ACA1E6BF80E6B4BBE5AF86E992A520284D414B29E38082E8AFB7E98089E4B8ADE887AAE58AA8E6BF80E6B4BBE6A186EFBC8CE68896E88085E9878DE696B0E590AFE58AA8E5BA94E794A8E7A88BE5BA8FEFBC8C4F66666963652032303130E4B8ADE69687E78988E4BDBFE794A8E6BF80E6B4BBE5AFB9E8AF9DE6A186E8BF9BE8A18CE6BF80E6B4BBE380823C6272202F3E0D0A3C6272202F3E0D0AE6ADA5E9AAA42034EFBC9A20E8BF99E5B0B1E698AFE682A8E99C80E8A681E5AE8CE68890E79A84E585A8E983A8E6938DE4BD9CE38082E59CA8204D6963726F736F667420576F72642032303130204265746120E4B8ADE8BE93E585A5204D414B20E5AF86E992A5E4BBA5E887AAE58AA8E6BF80E6B4BBE68980E69C89204F66666963652050726F66657373696F6E616C20506C75732032303130204265746120E5BA94E794A8E7A88BE5BA8FE38082E58D95E587BBE2809CE69687E4BBB6E2809DE98089E9A1B9E58DA1E58FAFE8BF94E59B9EE2809CE69687E6A1A3E2809DE8A786E59BBEE380823C6272202F3E0D0A3C6272202F3E0D0AE4BDBFE794A8E4BA86204D6963726F736F6674204F66666963652050726F66657373696F6E616C20506C7573203230313020E4B98BE5908EEFBC8CE697A0E8AEBAE682A8E79A84E59198E5B7A5E698AFE4BDBFE794A8205043E38081E699BAE883BDE6898BE69CBAEFBC8CE8BF98E698AF2057656220E6B58FE8A788E599A8E5B7A5E4BD9CEFBC8CE8AFA5E4BAA7E59381E983BDE883BDE4B8BAE4BB96E4BBACE68F90E4BE9BE5A4A7E9878FE5BCBAE5A4A7E79A84E696B0E58A9FE883BDE69DA5E5B8AEE58AA9E4BB96E4BBACE69BB4E5A5BDE59CB0E5AE8CE68890E5B7A5E4BD9CE380824F66666963652050726F66657373696F6E616C20506C7573203230313020E5AFB920457863656CE38081506F776572506F696E74E38081576F7264E380814F75746C6F6F6B20E4BBA5E58F8AE58FAFE8AEA9E6AF8FE4B8AAE4BABAE983BDE883BDE69BB4E8BDBBE69DBEE59CB0E8B79FE8B8AAE38081E68AA5E5918AE5928CE585B1E4BAABE9878DE8A681E4BFA1E681AFE79A84E696B0E69C8DE58AA1E599A828736572766572E7BD91E7BB9CE8B584E6BA9029E99B86E68890E58A9FE883BDE8BF9BE8A18CE4BA86E9878DE5A4A7E69BB4E696B0EFBC8CE9809AE8BF87E794A8E688B7E7869FE68289E79A84E38081E79BB4E8A782E79A84E5B7A5E585B7E68F90E4BE9BE4BA86E68980E69C89E7A88BE5BA8FE58C85E380823C6272202F3E0D0A3C6272202F3E0D0AE585B6E4B8ADE58C85E590ABE79A84E5BA94E794A8E7A88BE5BA8FEFBC9A576F7264E380814F6E654E6F7465E38081496E666F50617468E38081506F776572506F696E74E38081416363657373E380815368617265506F696E7420576F726B7370616365E380814F75746C6F6F6BE380813C6272202F3E0D0A5075626C6973686572E38081436F6D6D756E696361746F723C6272202F3E0D0A3C6272202F3E0D0A4F66666963652032303130E5AE98E696B9E4B88BE8BDBDE5928CE88EB7E58F96E5AF86E992A5E79A84E59CB0E59D80EFBC9A3C6272202F3E0D0A3C61207461726765743D225F626C616E6B2220687265663D224F66666963652032303130E4B8ADE69687E78988E6B3A8E5868CE7A0812BE6ADA3E78988E6BF80E6B4BBE5AF86E992A52020E5BEAEE8BDAFE5B7B2E7BB8FE68F90E4BE9B4F66666963652032303130E5AE98E696B9E4B88BE8BDBDEFBC8CE8808CE4B894E68F90E4BE9BE5858DE8B4B9E79A844D414BE5AF86E992A5E38082E585B6E5AE9EE4B880E585B1E58FAAE68F90E4BE9BE4BA8634E4B8AAE5AF86E992A5E8808CE5B7B2EFBC8CE8BF99E9878C6963656368E585ACE5B883E587BAE69DA5EFBC8CE5A4A7E5AEB6E5B0B1E58FAFE4BBA5E79BB4E68EA5E4BDBFE794A8E5B9B6E4B894E6BF80E6B4BB4F66666963652032303130E4B8ADE69687E78988E4BA86E3808220204F66666963652032303130204265746132E4B8ADE69687E78988E5AF86E992A5EFBC9A202032505748592D4B543458362D39365059572D58515237562D48573257392037584432582D4A574A39342D42434842572D57395758502D4A325750542059463739432D37593442342D50474D38392D36424B474A2D34365042542050594D44572D38444659322D59363842422D58484447442D435434343320204F66666963652032303130204265746132E4B88BE8BDBDE5928CE6BF80E6B4BBE79A84E696B9E6B395EFBC9A2020E6BF80E6B4BBE696B9E6B395EFBC9A2020E68891E4BBACE5BBBAE8AEAEE682A8E5AE8CE68890E5AE89E8A385E5908EE5B0BDE5BFABE6BF80E6B4BB204F66666963652050726F66657373696F6E616C20506C757320323031302042657461E380822020E5AE89E8A385204D6963726F736F6674204F66666963652050726F66657373696F6E616C20506C75732032303130204265746120E5908EEFBC8CE8AFB7E68C89E785A7E4BBA5E4B88BE6ADA5E9AAA4E8BF9BE8A18CE6938DE4BD9CEFBC9A2020E6ADA5E9AAA42031EFBC9A20E68993E5BC80204D6963726F736F667420576F726420323031302042657461EFBC8CE784B6E5908EE58D95E587BBE2809CE69687E4BBB6E2809DE98089E9A1B9E58DA1E38082E5B086E698BEE7A4BAE5908EE58FB0E9AA8CE8AF81E8A786E59BBEE38082E68EA5E79D80EFBC8CE58D95E587BBE5B7A6E8BEB9E98089E9A1B9E58DA1E99B86E59088E4B8ADE79A84E2809CE5B8AEE58AA9E2809DE380822020E6ADA5E9AAA42032EFBC9A20E58D95E587BBE5B18FE5B995E58FB3E4BEA7E79A84E2809CE69BB4E694B9E4BAA7E59381E5AF86E992A5E2809DE380822020E6ADA5E9AAA42033EFBC9A20E8BE93E585A5E4B88AE99DA2E698BEE7A4BAE79A84E5A49AE6ACA1E6BF80E6B4BBE5AF86E992A520284D414B29E38082E8AFB7E98089E4B8ADE887AAE58AA8E6BF80E6B4BBE6A186EFBC8CE68896E88085E9878DE696B0E590AFE58AA8E5BA94E794A8E7A88BE5BA8FEFBC8C4F66666963652032303130E4B8ADE69687E78988E4BDBFE794A8E6BF80E6B4BBE5AFB9E8AF9DE6A186E8BF9BE8A18CE6BF80E6B4BBE380822020E6ADA5E9AAA42034EFBC9A20E8BF99E5B0B1E698AFE682A8E99C80E8A681E5AE8CE68890E79A84E585A8E983A8E6938DE4BD9CE38082E59CA8204D6963726F736F667420576F72642032303130204265746120E4B8ADE8BE93E585A5204D414B20E5AF86E992A5E4BBA5E887AAE58AA8E6BF80E6B4BBE68980E69C89204F66666963652050726F66657373696F6E616C20506C75732032303130204265746120E5BA94E794A8E7A88BE5BA8FE38082E58D95E587BBE2809CE69687E4BBB6E2809DE98089E9A1B9E58DA1E58FAFE8BF94E59B9EE2809CE69687E6A1A3E2809DE8A786E59BBEE380822020E4BDBFE794A8E4BA86204D6963726F736F6674204F66666963652050726F66657373696F6E616C20506C7573203230313020E4B98BE5908EEFBC8CE697A0E8AEBAE682A8E79A84E59198E5B7A5E698AFE4BDBFE794A8205043E38081E699BAE883BDE6898BE69CBAEFBC8CE8BF98E698AF2057656220E6B58FE8A788E599A8E5B7A5E4BD9CEFBC8CE8AFA5E4BAA7E59381E983BDE883BDE4B8BAE4BB96E4BBACE68F90E4BE9BE5A4A7E9878FE5BCBAE5A4A7E79A84E696B0E58A9FE883BDE69DA5E5B8AEE58AA9E4BB96E4BBACE69BB4E5A5BDE59CB0E5AE8CE68890E5B7A5E4BD9CE380824F66666963652050726F66657373696F6E616C20506C7573203230313020E5AFB920457863656CE38081506F776572506F696E74E38081576F7264E380814F75746C6F6F6B20E4BBA5E58F8AE58FAFE8AEA9E6AF8FE4B8AAE4BABAE983BDE883BDE69BB4E8BDBBE69DBEE59CB0E8B79FE8B8AAE38081E68AA5E5918AE5928CE585B1E4BAABE9878DE8A681E4BFA1E681AFE79A84E696B0E69C8DE58AA1E599A828736572766572E7BD91E7BB9CE8B584E6BA9029E99B86E68890E58A9FE883BDE8BF9BE8A18CE4BA86E9878DE5A4A7E69BB4E696B0EFBC8CE9809AE8BF87E794A8E688B7E7869FE68289E79A84E38081E79BB4E8A782E79A84E5B7A5E585B7E68F90E4BE9BE4BA86E68980E69C89E7A88BE5BA8FE58C85E380822020E585B6E4B8ADE58C85E590ABE79A84E5BA94E794A8E7A88BE5BA8FEFBC9A576F7264E380814F6E654E6F7465E38081496E666F50617468E38081506F776572506F696E74E38081416363657373E380815368617265506F696E7420576F726B7370616365E380814F75746C6F6F6BE38081205075626C6973686572E38081436F6D6D756E696361746F7220204F66666963652032303130E5AE98E696B9E4B88BE8BDBDE5928CE88EB7E58F96E5AF86E992A5E79A84E59CB0E59D80EFBC9A20687474703A2F2F7777772E6D6963726F736F66742E636F6D2F6F66666963652F323031302F646F776E6C6F61642D6F66666963652D70726F66657373696F6E616C2D706C75732F64656661756C742E61737078223E687474703A2F2F7777772E6D6963726F736F66742E636F6D2F6F66666963652F323031302F646F776E6C6F61642D6F66666963652D70726F66657373696F6E616C2D706C75732F64656661756C742E617370783C2F613E, '2', 0xE5BEAEE8BDAFE5B7B2E7BB8FE68F90E4BE9B4F66666963652032303130E5AE98E696B9E4B88BE8BDBDEFBC8CE8808CE4B894E68F90E4BE9BE5858DE8B4B9E79A844D414BE5AF86E992A5E38082E585B6E5AE9EE4B880E585B1E58FAAE68F90E4BE9BE4BA8634E4B8AAE5AF86E992A5E8808CE5B7B2EFBC8CE8BF99E9878C6963656368E585ACE5B883E587BAE69DA5EFBC8CE5A4A7E5AEB6E5B0B1E58FAFE4BBA5E79BB4E68EA5E4BDBFE794A8E5B9B6E4B894E6BF80E6B4BB4F66666963652032303130E4B8ADE69687E78988E4BA86E38082);
INSERT INTO `article` VALUES ('25', 'Adobe Acrobat 9 Pro序列号', null, '0', '2', '2014-01-08 01:21:19', '/images/nopic.gif', 0x41646F6265266E6273703B4163726F626174266E6273703B39266E6273703B50726FE5BA8FE58897E58FB7EFBC88E58FAFE7BC96E58699504446EFBC89EFBC9A266E6273703B203C6272202F3E0D0A3C6469763E0D0A093C703E0D0A0909313131382D343031382D363538332D343935362D323438362D373830350D0A093C2F703E0D0A3C2F6469763E, '3', 0x41646F6265204163726F626174202050726F66657373696F6E616CE8BDAFE4BBB6E58FAFE4BBA5E4BDBFE59586E4B89AE4BABAE5A3ABE883BDE5A49FE58FAFE99DA0E59CB0E5889BE5BBBAE38081E59088E5B9B6E5928CE68EA7E588B62041646F62652050444620E69687E6A1A32C20E4BBA5E4BEBFE8BDBBE69DBEE4B894E69BB4E58AA0E5AE89E585A8E59CB0E8BF9BE8A18CE58886E58F91E38081E58D8FE4BD9CE5928CE695B0E68DAEE694B6E99B86E38082E588B6E4BD9C504446E69687E6A1A3E79A84E588A9E599A8EFBC8CE58A9EE585ACE5BF85E5A487E38082);
INSERT INTO `article` VALUES ('26', '2013年最新eset nod32激活码 nod32注册码 用户名和密码', null, '0', '3', '2014-01-08 01:22:45', '/images/nopic.gif', 0x32303133E5B9B4E69C80E696B065736574206E6F643332E6BF80E6B4BBE7A081206E6F643332E6B3A8E5868CE7A08120E794A8E688B7E5908DE5928CE5AF86E7A081EFBC9A3C6272202F3E0D0AE794A8E688B7E5908DEFBC9A545249414C2D3031303133333934313220E5AF8620E7A081EFBC9A3263386439626D7366723C6272202F3E0D0AE794A8E688B7E5908DEFBC9A545249414C2D3031303133333934313020E5AF8620E7A081EFBC9A6B383964386E6B7033333C6272202F3E0D0AE794A8E688B7E5908DEFBC9A545249414C2D3031303133333934303620E5AF8620E7A081EFBC9A756675723837706878643C6272202F3E0D0AE794A8E688B7E5908DEFBC9A545249414C2D3031303133333934303320E5AF8620E7A081EFBC9A6B3237736573683268383C6272202F3E0D0AE794A8E688B7E5908DEFBC9A545249414C2D3031303133333934303020E5AF8620E7A081EFBC9A6B6661746E32366E64613C6272202F3E0D0AE794A8E688B7E5908DEFBC9A545249414C2D3031303133333933393720E5AF8620E7A081EFBC9A387376727433357576363C6272202F3E0D0AE794A8E688B7E5908DEFBC9A545249414C2D3031303133333933393620E5AF8620E7A081EFBC9A6676756D3663653837613C6272202F3E0D0AE794A8E688B7E5908DEFBC9A545249414C2D3031303133333933393320E5AF8620E7A081EFBC9A687364376B763678756D3C6272202F3E0D0AE794A8E688B7E5908DEFBC9A545249414C2D3031303133333933383920E5AF8620E7A081EFBC9A6864627878396B6666353C6272202F3E0D0AE794A8E688B7E5908DEFBC9A545249414C2D3031303133333933383520E5AF8620E7A081EFBC9A66616B7035686D6668353C6272202F3E0D0AE794A8E688B7E5908DEFBC9A545249414C2D3031303133333933373720E5AF8620E7A081EFBC9A65366D6D7535633938373C6272202F3E0D0AE794A8E688B7E5908DEFBC9A545249414C2D3031303133333933373020E5AF8620E7A081EFBC9A6D6565737466396668393C6272202F3E0D0AE794A8E688B7E5908DEFBC9A545249414C2D3031303133333933363820E5AF8620E7A081EFBC9A733565753635397432743C6272202F3E0D0AE794A8E688B7E5908DEFBC9A545249414C2D3031303133333933353620E5AF8620E7A081EFBC9A656D387434666A6E68393C6272202F3E0D0AE794A8E688B7E5908DEFBC9A545249414C2D3031303133333933353120E5AF8620E7A081EFBC9A336232636438626638653C6272202F3E, '3', 0x32303133E5B9B4E69C80E696B065736574206E6F643332E6BF80E6B4BBE7A081206E6F643332E6B3A8E5868CE7A08120E794A8E688B7E5908DE5928CE5AF86E7A081EFBC9AE794A8E688B7E5908DEFBC9A545249414C2D3031303133333934313220E5AF8620E7A081EFBC9A3263386439626D736672EFBC9BE794A8E688B7E5908DEFBC9A545249414C2D3031303133333934313020E5AF8620E7A081EFBC9A6B383964386E6B703333);
INSERT INTO `article` VALUES ('27', '最新 DiskRecovery 注册码 序列号 激活码', null, '0', '1', '2014-01-08 07:00:50', '/images/nopic.gif', 0x4469736B5265636F76657279E698AFE4B880E6ACBEE78BACE585B7E789B9E889B2E79A84E5AD98E8B4AEE8AEBEE5A487E695B0E68DAEE681A2E5A48DE8BDAFE4BBB6EFBC8CE883BDE79BB4E68EA5E681A2E5A48DE7A1ACE79B98E38081E5AD98E582A8E58DA1E38081E695B0E7A081E79BB8E69CBAE4B8ADE79A84E69687E4BBB6EFBC8CE58FAAE8A681E6B2A1E69C89E8A2ABE9878DE5A48DE5A1ABE58699E695B0E68DAEEFBC8CE58DB3E697B6E5B7B2E7BB8FE8BF9BE8A18CE4BA86E6A0BCE5BC8FE58C96EFBC8C4F26616D703B4F204469736B5265636F76657279E4B99FE883BDE69591E4BDA0E4BA8EE6B0B4E781ABE380823C6272202F3E0D0A3C6272202F3E0D0A3C703E0D0A09E6B3A8E5868CE4BFA1E681AF3C6272202F3E0D0AE5908DE7A7B0EFBC9A39317A636D3C6272202F3E0D0AE585ACE58FB8EFBC9A39317A636D2E6F6D3C6272202F3E0D0AE5BA8FE58897E58FB7EFBC9A52434D552D3042344A2D413955472D535A34452D3047564E3C6272202F3E0D0A3C2F703E0D0A3C703E0D0A09E883BDE8BEA8E588ABE4BFAEE5A48DE58C85E68BAC576F726420E69687E6A1A3E38081457863656CE8A1A8E6A0BCE38081416363657373E695B0E68DAEE5BA93E5928CE59084E7A78DE5B8B8E794A8E59BBEE5BDA2E38081E59BBEE5838FE38081E794B5E5BDB1E38081E99FB3E4B990284A5045472C204156492C204D5045472C4D50332C200D0A5741562C20424D502C20544946462C20436F72656C20447261772C2050686F746F73686F702C204672616D656D616B65722C41646F626520496C6C7573747261746F722C20616E640D0A206D616E79206D6F726529E59CA8E58685333030E4BD99E7A78DE69687E4BBB6E6A0BCE5BC8FE380820D0A3C2F703E, '2', 0x4469736B5265636F76657279E698AFE4B880E6ACBEE78BACE585B7E789B9E889B2E79A84E5AD98E8B4AEE8AEBEE5A487E695B0E68DAEE681A2E5A48DE8BDAFE4BBB6EFBC8CE883BDE79BB4E68EA5E681A2E5A48DE7A1ACE79B98E38081E5AD98E582A8E58DA1E38081E695B0E7A081E79BB8E69CBAE4B8ADE79A84E69687E4BBB6EFBC8CE58FAAE8A681E6B2A1E69C89E8A2ABE9878DE5A48DE5A1ABE58699E695B0E68DAEEFBC8CE58DB3E697B6E5B7B2E7BB8FE8BF9BE8A18CE4BA86E6A0BCE5BC8FE58C96EFBC8C4F264F204469736B5265636F76657279E4B99FE883BDE69591E4BDA0E4BA8EE6B0B4E781ABE38082);
INSERT INTO `article` VALUES ('28', 'EasyRecovery Pro v7.0正式版注册码 激活码', null, '0', '1', '2014-01-08 07:03:41', '/images/nopic.gif', 0x456173795265636F766572792050726F2076372E30E6ADA3E5BC8FE78988EFBC88E99984E6B3A8E5868CE7A081EFBC89E6B3A8E5868CE7A081EFBC9A575338352D365156532D515746452D51535A4B, '3', 0x456173795265636F766572792050726F2076372E30E6ADA3E5BC8FE78988EFBC88E99984E6B3A8E5868CE7A081EFBC89E6B3A8E5868CE7A081E4BF9DE8AF81E58FAFE4BBA5E794A8EFBC81EFBC81EFBC81);
INSERT INTO `article` VALUES ('29', 'UltraISO注册码 激活码 序列号大全', null, '0', '1', '2014-01-08 07:06:00', '/images/nopic.gif', 0x3C64697620636C6173733D22696E6E6572223E0D0A093C64697620636C6173733D226264222069643D22706167654E6F2D31223E0D0A09093C64697620636C6173733D227265616465722D706172656E742D376166323734623366643061373935363363316537323366207265616465722D706172656E7420223E0D0A0909093C64697620636C6173733D227265616465722D77726170376166323734623366643061373935363363316537323366223E0D0A090909093C64697620636C6173733D227265616465722D6D61696E2D376166323734623366643061373935363363316537323366223E0D0A09090909093C64697620636C6173733D227265616465722D7478742D6C61796572223E0D0A0909090909093C64697620636C6173733D2269652D666978223E0D0A090909090909093C7020636C6173733D227265616465722D776F72642D6C61796572207265616465722D776F72642D73312D33223E0D0A0909090909090909556C74726149534FE6B3A8E5868CE7A081E5A4A7E585A8E58C85E590ABE4BA86E7BB9DE5A4A7E983A8E58886E5B882E99DA2E4B88AE79A840D0A090909090909093C2F703E0D0A090909090909093C7020636C6173733D227265616465722D776F72642D6C61796572207265616465722D776F72642D73312D33223E0D0A0909090909090909E78988E69CACEFBC9A0D0A090909090909093C2F703E0D0A090909090909093C7020636C6173733D227265616465722D776F72642D6C61796572207265616465722D776F72642D73312D37223E0D0A0909090909090909556C74726149534F266E6273703B352E3535266E6273703B53522D31266E6273703B0D0A090909090909093C2F703E0D0A090909090909093C7020636C6173733D227265616465722D776F72642D6C61796572207265616465722D776F72642D73312D38223E0D0A0909090909090909557365723A266E6273703B6D65266E6273703B0D0A090909090909093C2F703E0D0A090909090909093C7020636C6173733D227265616465722D776F72642D6C61796572207265616465722D776F72642D73312D32223E0D0A0909090909090909732F6E3A266E6273703B34373836453131323842433444313642266E6273703B0D0A090909090909093C2F703E0D0A090909090909093C7020636C6173733D227265616465722D776F72642D6C61796572207265616465722D776F72642D73312D36223E0D0A09090909090909093D3D3D3D3D3D3D3D3D3D3D3D3D3D3D3D3D3D3D3D3D3D3D3D3D266E6273703B0D0A090909090909093C2F703E0D0A090909090909093C7020636C6173733D227265616465722D776F72642D6C61796572207265616465722D776F72642D73312D33223E0D0A0909090909090909E78988E69CACEFBC9A0D0A090909090909093C2F703E0D0A090909090909093C7020636C6173733D227265616465722D776F72642D6C61796572207265616465722D776F72642D73312D39223E0D0A0909090909090909556C74726149534F266E6273703B362E30266E6273703B0D0A090909090909093C2F703E0D0A090909090909093C7020636C6173733D227265616465722D776F72642D6C61796572207265616465722D776F72642D73312D32223E0D0A09090909090909094E616D653A266E6273703B46726565266E6273703B560D0A090909090909093C2F703E0D0A090909090909093C7020636C6173733D227265616465722D776F72642D6C61796572207265616465722D776F72642D73312D32223E0D0A0909090909090909657273696F6E266E6273703B0D0A090909090909093C2F703E0D0A090909090909093C7020636C6173733D227265616465722D776F72642D6C61796572207265616465722D776F72642D73312D3130223E0D0A0909090909090909732F6E3A266E6273703B373936382D374635312D333135332D42414536266E6273703B0D0A090909090909093C2F703E0D0A090909090909093C7020636C6173733D227265616465722D776F72642D6C61796572207265616465722D776F72642D73312D36223E0D0A09090909090909093D3D3D3D3D3D3D3D3D3D3D3D3D3D3D3D3D3D3D3D3D3D3D3D3D266E6273703B0D0A090909090909093C2F703E0D0A090909090909093C7020636C6173733D227265616465722D776F72642D6C61796572207265616465722D776F72642D73312D33223E0D0A0909090909090909E78988E69CACEFBC9A0D0A090909090909093C2F703E0D0A090909090909093C7020636C6173733D227265616465722D776F72642D6C61796572207265616465722D776F72642D73312D39223E0D0A0909090909090909556C74726149534F266E6273703B362E31266E6273703B0D0A090909090909093C2F703E0D0A090909090909093C7020636C6173733D227265616465722D776F72642D6C61796572207265616465722D776F72642D73312D32223E0D0A09090909090909094E616D653A266E6273703B46726565266E6273703B560D0A090909090909093C2F703E0D0A090909090909093C7020636C6173733D227265616465722D776F72642D6C61796572207265616465722D776F72642D73312D32223E0D0A0909090909090909657273696F6E266E6273703B0D0A090909090909093C2F703E0D0A090909090909093C7020636C6173733D227265616465722D776F72642D6C61796572207265616465722D776F72642D73312D3130223E0D0A0909090909090909732F6E3A266E6273703B373936382D374635312D333135332D42414536266E6273703B0D0A090909090909093C2F703E0D0A090909090909093C7020636C6173733D227265616465722D776F72642D6C61796572207265616465722D776F72642D73312D36223E0D0A09090909090909093D3D3D3D3D3D3D3D3D3D3D3D3D3D3D3D3D3D3D3D3D3D3D3D3D266E6273703B0D0A090909090909093C2F703E0D0A090909090909093C7020636C6173733D227265616465722D776F72642D6C61796572207265616465722D776F72642D73312D33223E0D0A0909090909090909E78988E69CACEFBC9A0D0A090909090909093C2F703E0D0A090909090909093C7020636C6173733D227265616465722D776F72642D6C61796572207265616465722D776F72642D73312D3131223E0D0A0909090909090909556C74726149534F266E6273703B362E3532266E6273703B0D0A090909090909093C2F703E0D0A090909090909093C7020636C6173733D227265616465722D776F72642D6C61796572207265616465722D776F72642D73312D32223E0D0A09090909090909094E616D653A266E6273703B4F2E572E266E6273703B4772616E74266E6273703B2F266E6273703B4E654F4E6974724F266E6273703B0D0A090909090909093C2F703E0D0A090909090909093C7020636C6173733D227265616465722D776F72642D6C61796572207265616465722D776F72642D73312D32223E0D0A0909090909090909732F6E3A266E6273703B314135452D423032392D423731312D41364443266E6273703B0D0A090909090909093C2F703E0D0A090909090909093C7020636C6173733D227265616465722D776F72642D6C61796572207265616465722D776F72642D73312D36223E0D0A09090909090909093D3D3D3D3D3D3D3D3D3D3D3D3D3D3D3D3D3D3D3D3D3D3D3D3D266E6273703B0D0A090909090909093C2F703E0D0A090909090909093C7020636C6173733D227265616465722D776F72642D6C61796572207265616465722D776F72642D73312D33223E0D0A0909090909090909E78988E69CACEFBC9A0D0A090909090909093C2F703E0D0A090909090909093C7020636C6173733D227265616465722D776F72642D6C61796572207265616465722D776F72642D73312D37223E0D0A0909090909090909556C74726149534F266E6273703B362E3532266E6273703B53522D32266E6273703B0D0A090909090909093C2F703E0D0A090909090909093C7020636C6173733D227265616465722D776F72642D6C61796572207265616465722D776F72642D73312D32223E0D0A09090909090909094E616D653A266E6273703B52656769737465726564266E6273703B0D0A090909090909093C2F703E0D0A090909090909093C7020636C6173733D227265616465722D776F72642D6C61796572207265616465722D776F72642D73312D3132223E0D0A0909090909090909732F6E3A266E6273703B303534302D313737432D423344362D35433241266E6273703B0D0A090909090909093C2F703E0D0A090909090909093C7020636C6173733D227265616465722D776F72642D6C61796572207265616465722D776F72642D73312D36223E0D0A09090909090909093D3D3D3D3D3D3D3D3D3D3D3D3D3D3D3D3D3D3D3D3D3D3D3D3D266E6273703B0D0A090909090909093C2F703E0D0A090909090909093C7020636C6173733D227265616465722D776F72642D6C61796572207265616465722D776F72642D73312D33223E0D0A0909090909090909E78988E69CACEFBC9A0D0A090909090909093C2F703E0D0A090909090909093C7020636C6173733D227265616465722D776F72642D6C61796572207265616465722D776F72642D73312D3131223E0D0A0909090909090909556C74726149534F266E6273703B362E3535266E6273703B0D0A090909090909093C2F703E0D0A090909090909093C7020636C6173733D227265616465722D776F72642D6C61796572207265616465722D776F72642D73312D32223E0D0A09090909090909094E616D653A266E6273703B4C6F7264266E6273703B426C69782F54535A266E6273703B0D0A090909090909093C2F703E0D0A090909090909093C7020636C6173733D227265616465722D776F72642D6C61796572207265616465722D776F72642D73312D32223E0D0A0909090909090909732F6E3A266E6273703B0D0A090909090909093C2F703E0D0A090909090909093C7020636C6173733D227265616465722D776F72642D6C61796572207265616465722D776F72642D73312D32207265616465722D776F72642D73312D3522207374796C653D22666F6E742D66616D696C793A2754696D6573204E657720526F6D616E272C2737616632373462336664306137393536336331653732336630303130303031272C2754696D6573204E657720526F6D616E273B223E0D0A0909090909090909413036412D303632342D384246382D42303542266E6273703B0D0A090909090909093C2F703E0D0A090909090909093C7020636C6173733D227265616465722D776F72642D6C61796572207265616465722D776F72642D73312D36223E0D0A09090909090909093D3D3D3D3D3D3D3D3D3D3D3D3D3D3D3D3D3D3D3D3D3D3D3D3D266E6273703B0D0A090909090909093C2F703E0D0A090909090909093C7020636C6173733D227265616465722D776F72642D6C61796572207265616465722D776F72642D73312D33223E0D0A0909090909090909E78988E69CACEFBC9A0D0A090909090909093C2F703E0D0A090909090909093C7020636C6173733D227265616465722D776F72642D6C61796572207265616465722D776F72642D73312D37223E0D0A0909090909090909556C74726149534F266E6273703B362E3536266E6273703B53522D31266E6273703B0D0A090909090909093C2F703E0D0A090909090909093C7020636C6173733D227265616465722D776F72642D6C61796572207265616465722D776F72642D73312D32223E0D0A09090909090909094E616D653A266E6273703B67617761696E266E6273703B34266E6273703B53746172626173654F6E65266E6273703B0D0A090909090909093C2F703E0D0A090909090909093C7020636C6173733D227265616465722D776F72642D6C61796572207265616465722D776F72642D73312D3132223E0D0A0909090909090909732F6E3A266E6273703B363141422D313539312D323045462D41333842266E6273703B0D0A090909090909093C2F703E0D0A090909090909093C7020636C6173733D227265616465722D776F72642D6C61796572207265616465722D776F72642D73312D32223E0D0A09090909090909093D3D3D3D3D3D3D3D3D3D3D3D3D3D3D3D3D3D3D3D3D3D3D3D3D266E6273703B0D0A090909090909093C2F703E0D0A090909090909093C7020636C6173733D227265616465722D776F72642D6C61796572207265616465722D776F72642D73312D33223E0D0A0909090909090909E78988E69CACEFBC9A0D0A090909090909093C2F703E0D0A090909090909093C7020636C6173733D227265616465722D776F72642D6C61796572207265616465722D776F72642D73312D32223E0D0A0909090909090909556C74726149534F266E6273703B372E30266E6273703B4D65646961266E6273703B45646974696F6E266E6273703B0D0A090909090909093C2F703E0D0A090909090909093C7020636C6173733D227265616465722D776F72642D6C61796572207265616465722D776F72642D73312D32223E0D0A09090909090909094E616D653A266E6273703B67617761696E266E6273703B3A2D29266E6273703B0D0A090909090909093C2F703E0D0A090909090909093C7020636C6173733D227265616465722D776F72642D6C61796572207265616465722D776F72642D73312D3222207374796C653D22666F6E742D66616D696C793A73696D73756E3B223E0D0A0909090909090909266E6273703B0D0A090909090909093C2F703E0D0A090909090909093C7020636C6173733D227265616465722D776F72642D6C61796572207265616465722D776F72642D73312D32223E0D0A0909090909090909732F6E3A266E6273703B3846464F2D4F4544442D433338442D42313344266E6273703B0D0A090909090909093C2F703E0D0A090909090909093C7020636C6173733D227265616465722D776F72642D6C61796572207265616465722D776F72642D73312D36223E0D0A09090909090909093D3D3D3D3D3D3D3D3D3D3D3D3D3D3D3D3D3D3D3D3D3D3D3D3D266E6273703B0D0A090909090909093C2F703E0D0A090909090909093C7020636C6173733D227265616465722D776F72642D6C61796572207265616465722D776F72642D73312D33223E0D0A0909090909090909E78988E69CACEFBC9A0D0A090909090909093C2F703E0D0A090909090909093C7020636C6173733D227265616465722D776F72642D6C61796572207265616465722D776F72642D73312D37223E0D0A0909090909090909556C74726149534F266E6273703B372E3231266E6273703B53522D32266E6273703B0D0A090909090909093C2F703E0D0A090909090909093C7020636C6173733D227265616465722D776F72642D6C61796572207265616465722D776F72642D73312D32223E0D0A09090909090909094E616D653A266E6273703B54726F6E64266E6273703B4C617273656E266E6273703B0D0A090909090909093C2F703E0D0A090909090909093C7020636C6173733D227265616465722D776F72642D6C61796572207265616465722D776F72642D73312D38223E0D0A0909090909090909732F6E3A266E6273703B364132452D383934452D434243432D43304241266E6273703B0D0A090909090909093C2F703E0D0A0909090909093C2F6469763E0D0A09090909093C2F6469763E0D0A090909093C2F6469763E0D0A0909093C2F6469763E0D0A09093C2F6469763E0D0A093C2F6469763E0D0A3C2F6469763E, '3', 0x556C74726149534FE8BDAFE7A29FE9809AE698AFE4B880E6ACBEE58A9FE883BDE5BCBAE5A4A7E8808CE58F88E696B9E4BEBFE5AE9EE794A8E79A84E58589E79B98E698A0E5838FE69687E4BBB6E588B6E4BD9C2FE7BC96E8BE912FE8BDACE68DA2E5B7A5E585B72CE5AE83E58FAFE4BBA5E79BB4E68EA5E7BC96E8BE9149534FE69687E4BBB6E5928CE4BB8E49534FE4B8ADE68F90E58F96E69687E4BBB6E5928CE79BAEE5BD952CE4B99FE58FAFE4BBA5E4BB8E43442D524F4DE588B6E4BD9CE58589E79B98E698A0E5838FE68896E88085E5B086E7A1ACE79B98E4B88AE79A84E69687E4BBB6E588B6E4BD9CE6889049534FE69687E4BBB6E38082);
INSERT INTO `article` VALUES ('30', 'UltraISO Premium 9.3 注册码', null, '0', '1', '2014-01-08 07:08:45', '/images/nopic.gif', 0x3C703E0D0A0931E38081556C74726149534F205072656D69756D20392E3320E6B3A8E5868CE7A0810D0A3C2F703E0D0A3C703E0D0A0951554F54453A0D0A20E6B3A8E5868CE5908DEFBC9A55572D4D616469736F6E2045786563757469766520456475636174696F6E203C6272202F3E0D0AE6B3A8E5868CE7A081EFBC9A313531392D453238372D413832382D41323441203C6272202F3E0D0A3C6272202F3E0D0A32E38081E5A49AE59BBDE8AFADE8A880E6B3A8E5868CE7A081EFBC9A203C6272202F3E0D0A51554F54453A0D0AE6B3A8E5868CE5908DEFBC9A55572D4D616469736F6E2045786563757469766520456475636174696F6E203C6272202F3E0D0AE6B3A8E5868CE7A081EFBC9A313531392D453238372D413832382D41323441203C6272202F3E0D0A3C6272202F3E0D0A33E38081E7AE80E4BD93E4B8ADE69687E6B3A8E5868CE7A081EFBC9A203C6272202F3E0D0A51554F54453A0D0AE6B3A8E5868CE5908DEFBC9AE69D8EE6988E203C6272202F3E0D0AE6B3A8E5868CE7A081EFBC9A353039462D424135342D424241362D373343350D0A3C2F703E, '7', 0x556C74726149534F205072656D69756D20392E3320E6B3A8E5868CE7A0812051554F54453A20E6B3A8E5868CE5908DEFBC9A55572D4D616469736F6E2045786563757469766520456475636174696F6E20E6B3A8E5868CE7A081EFBC9A313531392D453238372D413832382D4132344120);
INSERT INTO `article` VALUES ('31', 'kangle 3.2.6 发布，国产开源web服务器', null, '1', '6', '2014-01-08 14:53:47', '/upload/140108145719.png', 0x3C703E0D0A0931E38081E4BAA7E59381E4BB8BE7BB8DEFBC9A3C6272202F3E0D0A6B616E676C65266E6273703B776562E69C8DE58AA1E599A82820E7AE80E7A7B0EFBC9A6B616E676C65202920E698AFE4B880E6ACBEE8B7A8E5B9B3E58FB0E38081E8BDBBE9878FE7BAA7EFBC8CE58A9FE883BDE5BCBAE5A4A7E38081E69893E6938DE4BD9CE79A84E9AB98E680A7E883BD776562E69C8DE58AA1E599A8E5928CE58F8DE59091E4BBA3E79086E69C8DE58AA1E599A8E8BDAFE4BBB6E380823C6272202F3E0D0A3C6272202F3E0D0A32E38081E98082E794A8E5B9B3E58FB0EFBC9A3C6272202F3E0D0A6C696E7578E3808177696E646F7773E3808166726565627364E380816F70656E627364E380816E6574627364E38081736F6C61726973E7AD89E380820D0A3C2F703E0D0A3C703E0D0A09323031342D30312D3038206B616E676C6520332E322E360D0A3C2F703E0D0A2AE4BFAEE5A48D2E6874616363657373E79A84717361E5928C617061636865E8A18CE4B8BAE4B88DE4B880E6A0B7E79A846275673C6272202F3E0D0A3C703E0D0A092AE4BFAEE5A48DE4B880E5A484E99499E8AFAFE9A1B5E99DA2E5A484E79086E79A846275672E3C6272202F3E0D0A3C2F703E0D0A3C703E0D0A0933E38081E5AE98E696B9E4BFA1E681AFEFBC9A0D0A3C2F703E0D0A3C703E0D0A09E4B88BE8BDBDEFBC9A687474703A2F2F7777772E6B616E676C65736F66742E636F6D2F7468726561642D31313238352D312D312E68746D6C3C6272202F3E0D0AE69687E6A1A3EFBC9A687474703A2F2F77696B692E6B616E676C65736F66742E636F6D2F6B616E676C650D0A3C2F703E0D0A3C703E0D0A093C6272202F3E0D0A3C2F703E0D0A3C703E0D0A095053EFBC9AE8BF99E698AFE58FB7E7A7B0E5BF85E8BF87417061686365E38081E6AF94E8BF876E67696E78E79A84E59BBDE4BAA7776562E69C8DE58AA1E599A8EFBC8CE69C89E697B6E997B439317A636DE58D9AE4B8BBE68891E4B880E5AE9AE5BE97E8AF95E4B880E8AF95EFBC81EFBC810D0A3C2F703E0D0A3C703E0D0A093C6272202F3E0D0A3C2F703E, '4', 0x6B616E676C6520776562E69C8DE58AA1E599A82820E7AE80E7A7B0EFBC9A6B616E676C65202920E698AFE4B880E6ACBEE8B7A8E5B9B3E58FB0E38081E8BDBBE9878FE7BAA7EFBC8CE58A9FE883BDE5BCBAE5A4A7E38081E69893E6938DE4BD9CE79A84E9AB98E680A7E883BD776562E69C8DE58AA1E599A8E5928CE58F8DE59091E4BBA3E79086E69C8DE58AA1E599A8E8BDAFE4BBB6E38082);
INSERT INTO `article` VALUES ('32', 'godaddy 续费优惠码 最新更新于2014年1月6日', null, '0', '5', '2014-01-08 14:59:35', '/images/nopic.gif', 0x676F646164647920E59F9FE5908DE7BBADE8B4B9E4BC98E683A0E7A0813A20EFBC9A3C6272202F3E0D0A3C6272202F3E0D0A312EE38081676F6461646479266E6273703B202E636F6D202E6E6574E7BBADE8B4B9E4BB85E99C80382E3439E7BE8EE58583E59F9FE5908DE4BC98E683A0E7A081EFBC9A3C7374726F6E673E4744353042425044353C2F7374726F6E673E3C6272202F3E0D0A3C6272202F3E0D0AE6B3A83A20E4BBA5E4B88AE4BBB7E6A0BCE99C80E8A681E58AA0E4B88A302E3138E7BE8EE58583202C20E68980E4BBA5E698AF382E3637E7BE8EE58583E593A6213C6272202F3E0D0A3C6272202F3E0D0A322EE38081676F646164647920E4BBBBE6848FE8AEA2E58D95362E39E68A98E4BC98E683A0E7A081EFBC9A3C7374726F6E673E6764333132323762613C2F7374726F6E673E3C6272202F3E0D0A3C6272202F3E0D0A3C703E0D0A09E4BBA5E4B88AE5B0B1E698AF676F646164647920E7BBADE8B4B9E4BC98E683A0E7A081E585A8E696872E0D0A3C2F703E, '2', 0xE8BF9BE585A5676F6461646479E5AE98E696B9E7BD91E7AB9920687474703A2F2F7777772E676F64616464792E636F6DE8B4ADE4B9B0E7BBADE8B4B9676F6461646479E59F9FE5908D20676F6461646479E4B8BBE69CBAE7AD89E4BAA7E59381E590A7EFBC81);
INSERT INTO `article` VALUES ('33', '迅雷VIP会员账号 密码1月7号持续更新', null, '0', '4', '2014-01-08 15:07:02', '/images/nopic.gif', 0xE5B890E58FB7EFBC9A617364313737343735373938363A3120E5AF86E7A081EFBC9A6C616F62696E6767756E35343C6272202F3E0D0AE5B890E58FB7EFBC9A617364313737343735373938363A3220E5AF86E7A081EFBC9A6C616F62696E6767756E77733C6272202F3E0D0AE5B890E58FB7EFBC9A3835323633353433333A3120E5AF86E7A081EFBC9A6C616F62696E6767756E67643C6272202F3E0D0AE5B890E58FB7EFBC9A3835323633353433333A3220E5AF86E7A081EFBC9A6C616F62696E6767756E77733C6272202F3E0D0AE5B890E58FB7EFBC9A6C616F62696E6767756E313A3220E5AF86E7A081EFBC9A6C616F62696E6767756E323C6272202F3E0D0AE5B890E58FB7EFBC9A6C616F62696E6767756E313A3120E5AF86E7A081EFBC9A6C616F62696E6767756E353C6272202F3E0D0AE5B890E58FB7EFBC9A3833373034393035363A3120E5AF86E7A081EFBC9A6C616F62696E6767756E77723C6272202F3E0D0AE5B890E58FB7EFBC9A3833373034393035363A3220E5AF86E7A081EFBC9A6C616F62696E6767756E74673C6272202F3E0D0AE5B890E58FB7EFBC9A7779713735323539313432303A3120E5AF86E7A081EFBC9A6C616F62696E6767756E68663C6272202F3E0D0AE5B890E58FB7EFBC9A7779713735323539313432303A3220E5AF86E7A081EFBC9A6C616F62696E6767756E77783C6272202F3E0D0AE5B890E58FB7EFBC9A73656D3931313A3220E5AF86E7A081EFBC9A6C616F62696E6767756E64733C6272202F3E0D0AE5B890E58FB7EFBC9A73656D3931313A3120E5AF86E7A081EFBC9A766C616F62696E6767756E3C6272202F3E0D0AE5B890E58FB7EFBC9A7364613339313A3220E5AF86E7A081EFBC9A6C616F62696E6767756E73633C6272202F3E0D0AE5B890E58FB7EFBC9A7364613339313A3120E5AF86E7A081EFBC9A6C616F62696E6767756E77773C6272202F3E0D0AE5B890E58FB7EFBC9A6675636B3132336F3A3120E5AF86E7A081EFBC9A646C616F62696E6767756E3C6272202F3E0D0AE5B890E58FB7EFBC9A6675636B3132336F3A3220E5AF86E7A081EFBC9A77736C616F62696E6767756E3C6272202F3E0D0AE5B890E58FB7EFBC9A57755368616E546152656E3A3120E5AF86E7A081EFBC9A6C616F62696E6767756E63643C6272202F3E0D0AE5B890E58FB7EFBC9A57755368616E546152656E3A3220E5AF86E7A081EFBC9A6C616F62696E6767756E7273, '3', 0xE8BF85E99BB7564950E4BC9AE59198E8B4A6E58FB720E5AF86E7A08131E69C8837E58FB7E68C81E7BBADE69BB4E696B0EFBC9AE5B890E58FB7EFBC9A617364313737343735373938363A3120E5AF86E7A081EFBC9A6C616F62696E6767756E3534E38081E5B890E58FB7EFBC9A617364313737343735373938363A3220E5AF86E7A081EFBC9A6C616F62696E6767756E7773);
INSERT INTO `article` VALUES ('34', '2014年1月最新迅雷VIP白金账号密码分享', null, '0', '4', '2014-01-08 15:08:54', '/images/nopic.gif', 0x3C703E0D0A0932303134E69C80E696B0E8BF85E99BB7564950E799BDE98791E8B4A6E58FB7E5AF86E7A081E58886E4BAAB0D0A3C2F703E0D0A3C703E0D0A096C61646A7A333736266E6273703B266E6273703B207779793939390D0A3C2F703E0D0A383732313935363039266E6273703B266E6273703B203138363732333C6272202F3E0D0A383638373933363033266E6273703B266E6273703B2039353736323132313C6272202F3E0D0A3C6272202F3E0D0A383733303437343435266E6273703B266E6273703B2075757171323334353C6272202F3E0D0A383638343532363633266E6273703B266E6273703B207777373735383532313C6272202F3E0D0A383732343336343032266E6273703B266E6273703B203839303630313C6272202F3E0D0A383731343032373331266E6273703B266E6273703B2034353831303735393C6272202F3E0D0A383731323937323234266E6273703B266E6273703B203037303433333C6272202F3E0D0A3C6272202F3E0D0A383730373531373936266E6273703B266E6273703B2078756E6C65693135303C6272202F3E0D0A383638373932333537266E6273703B266E6273703B2035373335343036383C6272202F3E0D0A383732313838313032266E6273703B266E6273703B203436313739363C6272202F3E0D0A67776B6D67383137266E6273703B266E6273703B2038353835383636303C6272202F3E0D0A3135333233373739363136266E6273703B266E6273703B207177653435367177653C6272202F3E0D0A3C6272202F3E0D0A7670353737333631266E6273703B266E6273703B203231323334353637383C6272202F3E0D0A383732313930343339266E6273703B266E6273703B203435393237313C6272202F3E0D0A313231313133313235266E6273703B266E6273703B2078756E6C65693135303C6272202F3E0D0A383639383834303433266E6273703B266E6273703B203735333432313C6272202F3E0D0A716364686C353236266E6273703B266E6273703B207779793938383C6272202F3E0D0A6C6975313435393033266E6273703B266E6273703B2039313938313332373C6272202F3E0D0A3C6272202F3E0D0A7670303130303931266E6273703B266E6273703B203131323334353637383C6272202F3E0D0A383731373737313535266E6273703B266E6273703B2032303139343230383C6272202F3E0D0A7266653734393135266E6273703B266E6273703B2035383936313239303C6272202F3E0D0A383639383834303433266E6273703B266E6273703B203735333432313C6272202F3E0D0A6E6E303130313236266E6273703B266E6273703B2035333838363736353C6272202F3E0D0A3C6272202F3E0D0A383638313034333535266E6273703B266E6273703B2034323032383231323C6272202F3E0D0A7670323933323039266E6273703B266E6273703B203131323334353637383C6272202F3E0D0A6A6961686F6E67393230266E6273703B266E6273703B2061616A6961686F6E673932303C6272202F3E0D0A383637353534313736266E6273703B266E6273703B207563343536373C6272202F3E0D0A6F74637165363337266E6273703B266E6273703B207779793838383C6272202F3E0D0A3C6272202F3E0D0A383639383834303433266E6273703B266E6273703B203735333432313C6272202F3E0D0A7972783236333934266E6273703B266E6273703B2033353930363634383C6272202F3E0D0A646437363139266E6273703B266E6273703B203136353036353130303C6272202F3E0D0A383637393039363838266E6273703B266E6273703B2037353532383134343C6272202F3E0D0A7670373731373337266E6273703B266E6273703B203335383937, '3', 0x32303134E5B9B431E69C88E69C80E696B0E8BF85E99BB7564950E799BDE98791E8B4A6E58FB7E5AF86E7A081E58886E4BAABEFBC9A6C61646A7A333736202020777979393939E38081383732313935363039202020313836373233E380813836383739333630332020203935373632313231);

-- ----------------------------
-- Table structure for `category`
-- ----------------------------
DROP TABLE IF EXISTS `category`;
CREATE TABLE `category` (
  `cid` int(11) NOT NULL auto_increment,
  `cname` varchar(50) collate utf8_bin default NULL,
  `url` varchar(20) collate utf8_bin default NULL,
  `keywords` varchar(500) collate utf8_bin default NULL,
  `description` varchar(500) collate utf8_bin default NULL,
  `title` varchar(200) collate utf8_bin default NULL,
  PRIMARY KEY  (`cid`)
) ENGINE=InnoDB AUTO_INCREMENT=7 DEFAULT CHARSET=utf8 COLLATE=utf8_bin;

-- ----------------------------
-- Records of category
-- ----------------------------
INSERT INTO `category` VALUES ('1', '注册码', 'zhucema', '注册码,序列号,激活码,VIP账号,优惠码,91zcm.com', '91注册码(www.91zcm.com),旨在为广大网友分享软件注册码、序列号、激活码、VIP账号、优惠码等信息', '注册码,软件注册码 - 91注册码(91zcm.com)');
INSERT INTO `category` VALUES ('2', '序列号', 'xuliehao', '序列号,注册码,激活码,VIP账号,优惠码,91zcm.com', '91注册码(www.91zcm.com),旨在为广大网友分享软件注册码、序列号、激活码、VIP账号、优惠码等信息', '序列号,软件序列号 - 91注册码(91zcm.com)');
INSERT INTO `category` VALUES ('3', '激活码', 'jihuoma', '激活码,注册码,序列号,VIP账号,优惠码,91zcm.com', '91注册码(www.91zcm.com),旨在为广大网友分享软件注册码、序列号、激活码、VIP账号、优惠码等信息', '激活码,软件激活码 - 91注册码(91zcm.com)');
INSERT INTO `category` VALUES ('4', 'VIP账号', 'vip', 'VIP账号,注册码,序列号,激活码,优惠码,91zcm.com', '91注册码(www.91zcm.com),旨在为广大网友分享软件注册码、序列号、激活码、VIP账号、优惠码等信息', 'VIP账号,迅雷VIP,CSDN账号 - 91注册码(91zcm.com)');
INSERT INTO `category` VALUES ('5', '优惠码', 'youhuima', '优惠码,注册码,序列号,激活码,VIP账号,91zcm.com', '91注册码(www.91zcm.com),旨在为广大网友分享软件注册码、序列号、激活码、VIP账号、优惠码等信息', '优惠码,网站优惠码 - 91注册码(91zcm.com)');
INSERT INTO `category` VALUES ('6', 'IT新闻', 'news', 'IT新闻,注册码,序列号,激活码,VIP账号,优惠码,91zcm.com', '91注册码(www.91zcm.com),旨在为广大网友分享软件注册码、序列号、激活码、VIP账号、优惠码等信息', 'IT新闻,互联网新闻 - 91注册码(91zcm.com)');

-- ----------------------------
-- Table structure for `gbook`
-- ----------------------------
DROP TABLE IF EXISTS `gbook`;
CREATE TABLE `gbook` (
  `mid` int(11) NOT NULL auto_increment,
  `addtime` varchar(50) default NULL,
  `email` varchar(200) default NULL,
  `content` text,
  `nickname` varchar(50) default NULL,
  `aid` int(11) default NULL,
  `state` int(11) default '0',
  `reply` varchar(500) default NULL,
  `ip` varchar(50) default NULL,
  PRIMARY KEY  (`mid`)
) ENGINE=InnoDB AUTO_INCREMENT=4 DEFAULT CHARSET=utf8;

-- ----------------------------
-- Records of gbook
-- ----------------------------
INSERT INTO `gbook` VALUES ('2', '2014-01-07 02:19:24', 'admin@mbaike.net', '不错，可以使用！', '91注册码', '14', '1', '感谢对91zcm.com网站的关注！', '127.0.0.1');
INSERT INTO `gbook` VALUES ('3', '2014-01-07 16:02:39', '111@11.com', '几乎都不能用的说', 'jovichin', '4', '1', '不会吧？？', '127.0.0.1');

-- ----------------------------
-- Table structure for `links`
-- ----------------------------
DROP TABLE IF EXISTS `links`;
CREATE TABLE `links` (
  `id` int(11) NOT NULL auto_increment,
  `title` varchar(50) collate utf8_bin default NULL,
  `url` varchar(100) collate utf8_bin default NULL,
  `content` varchar(100) collate utf8_bin default NULL,
  PRIMARY KEY  (`id`)
) ENGINE=InnoDB AUTO_INCREMENT=9 DEFAULT CHARSET=utf8 COLLATE=utf8_bin;

-- ----------------------------
-- Records of links
-- ----------------------------
INSERT INTO `links` VALUES ('1', '91注册码', 'http://www.91zcm.com', '91注册码');
INSERT INTO `links` VALUES ('2', '卢松松博客', 'http://lusongsong.com/', '卢松松博客');
INSERT INTO `links` VALUES ('8', '开源中国', 'http://www.oschina.net/', '开源中国');

-- ----------------------------
-- Table structure for `tags`
-- ----------------------------
DROP TABLE IF EXISTS `tags`;
CREATE TABLE `tags` (
  `tid` int(11) NOT NULL auto_increment,
  `tname` varchar(200) collate utf8_bin default NULL,
  `aid` int(11) default NULL,
  `cid` int(11) default NULL,
  PRIMARY KEY  (`tid`)
) ENGINE=InnoDB AUTO_INCREMENT=162 DEFAULT CHARSET=utf8 COLLATE=utf8_bin;

-- ----------------------------
-- Records of tags
-- ----------------------------
INSERT INTO `tags` VALUES ('1', 'Office 2007', '1', '3');
INSERT INTO `tags` VALUES ('2', '秘钥', '1', '3');
INSERT INTO `tags` VALUES ('3', 'CD-Key', '1', '3');
INSERT INTO `tags` VALUES ('4', 'MyEclipse', '2', '1');
INSERT INTO `tags` VALUES ('5', 'Eclipse', '2', '1');
INSERT INTO `tags` VALUES ('6', '注册码', '2', '1');
INSERT INTO `tags` VALUES ('7', 'Subscriber', '2', '1');
INSERT INTO `tags` VALUES ('8', 'Subscription Code', '2', '1');
INSERT INTO `tags` VALUES ('27', 'Myeclipse10', '3', '1');
INSERT INTO `tags` VALUES ('28', '激活码', '3', '1');
INSERT INTO `tags` VALUES ('29', 'MyEclipse', '3', '1');
INSERT INTO `tags` VALUES ('37', 'Photoshop', '5', '2');
INSERT INTO `tags` VALUES ('38', '序列号', '5', '2');
INSERT INTO `tags` VALUES ('39', 'CS5', '5', '2');
INSERT INTO `tags` VALUES ('40', 'Adobe', '5', '2');
INSERT INTO `tags` VALUES ('41', '亚马逊', '6', '5');
INSERT INTO `tags` VALUES ('42', '优惠券', '6', '5');
INSERT INTO `tags` VALUES ('43', '优惠码', '6', '5');
INSERT INTO `tags` VALUES ('45', '迅雷VIP', '7', '4');
INSERT INTO `tags` VALUES ('48', 'office2007', '9', '6');
INSERT INTO `tags` VALUES ('49', 'Office', '9', '6');
INSERT INTO `tags` VALUES ('62', '迅雷VIP', '4', '4');
INSERT INTO `tags` VALUES ('63', '会员号', '4', '4');
INSERT INTO `tags` VALUES ('64', '会员', '4', '4');
INSERT INTO `tags` VALUES ('65', 'VIP账号', '4', '4');
INSERT INTO `tags` VALUES ('69', 'Flash8', '11', '2');
INSERT INTO `tags` VALUES ('70', 'Dreamweaver', '11', '2');
INSERT INTO `tags` VALUES ('71', 'Fireworks8', '11', '2');
INSERT INTO `tags` VALUES ('72', 'Dreamweaver8', '10', '2');
INSERT INTO `tags` VALUES ('73', 'DW', '10', '2');
INSERT INTO `tags` VALUES ('74', '序列号', '10', '2');
INSERT INTO `tags` VALUES ('75', 'Windows xp', '12', '2');
INSERT INTO `tags` VALUES ('76', '正版验证', '12', '2');
INSERT INTO `tags` VALUES ('77', '序列号', '12', '2');
INSERT INTO `tags` VALUES ('78', 'Connectify', '13', '1');
INSERT INTO `tags` VALUES ('79', '注册码', '13', '1');
INSERT INTO `tags` VALUES ('80', '序列号', '13', '1');
INSERT INTO `tags` VALUES ('86', 'Windows xp sp3', '15', '2');
INSERT INTO `tags` VALUES ('87', '微软', '15', '2');
INSERT INTO `tags` VALUES ('88', 'windows', '14', '2');
INSERT INTO `tags` VALUES ('89', 'xp', '14', '2');
INSERT INTO `tags` VALUES ('90', 'sp3', '14', '2');
INSERT INTO `tags` VALUES ('91', '序列号', '14', '2');
INSERT INTO `tags` VALUES ('92', '正版验证', '14', '2');
INSERT INTO `tags` VALUES ('93', 'Navicat', '16', '1');
INSERT INTO `tags` VALUES ('94', ' MySQL', '16', '1');
INSERT INTO `tags` VALUES ('95', 'Serial', '16', '1');
INSERT INTO `tags` VALUES ('96', 'PremiumSoft', '16', '1');
INSERT INTO `tags` VALUES ('97', 'Oracle', '17', '1');
INSERT INTO `tags` VALUES ('98', '注册码', '17', '1');
INSERT INTO `tags` VALUES ('99', '序列号', '17', '1');
INSERT INTO `tags` VALUES ('100', 'Navicat', '18', '1');
INSERT INTO `tags` VALUES ('101', ' MySQL', '18', '1');
INSERT INTO `tags` VALUES ('102', 'Serial', '18', '1');
INSERT INTO `tags` VALUES ('103', 'PremiumSoft', '18', '1');
INSERT INTO `tags` VALUES ('109', 'PostgreSQL', '19', '1');
INSERT INTO `tags` VALUES ('110', ' MySQL', '19', '1');
INSERT INTO `tags` VALUES ('111', 'Oracle', '19', '1');
INSERT INTO `tags` VALUES ('112', '注册码', '19', '1');
INSERT INTO `tags` VALUES ('113', '序列号', '19', '1');
INSERT INTO `tags` VALUES ('114', 'Navicat', '20', '1');
INSERT INTO `tags` VALUES ('115', ' MySQL', '20', '1');
INSERT INTO `tags` VALUES ('116', 'Serial', '20', '1');
INSERT INTO `tags` VALUES ('117', 'PremiumSoft', '20', '1');
INSERT INTO `tags` VALUES ('118', 'win7激活码', '21', '3');
INSERT INTO `tags` VALUES ('119', 'win7序列号', '21', '3');
INSERT INTO `tags` VALUES ('120', 'win7激活', '21', '3');
INSERT INTO `tags` VALUES ('123', '密钥', '8', '1');
INSERT INTO `tags` VALUES ('124', 'office2007', '8', '1');
INSERT INTO `tags` VALUES ('125', 'JFinal', '22', '6');
INSERT INTO `tags` VALUES ('126', 'Java', '22', '6');
INSERT INTO `tags` VALUES ('127', '开源中国', '22', '6');
INSERT INTO `tags` VALUES ('128', 'office2010密钥', '23', '2');
INSERT INTO `tags` VALUES ('129', 'office2010注册码', '23', '2');
INSERT INTO `tags` VALUES ('130', 'office2010激活码', '23', '2');
INSERT INTO `tags` VALUES ('131', 'office2010序列号', '23', '2');
INSERT INTO `tags` VALUES ('136', 'office2010激活码', '24', '3');
INSERT INTO `tags` VALUES ('137', 'Acrobat9序列号', '25', '2');
INSERT INTO `tags` VALUES ('138', 'nod32激活码', '26', '3');
INSERT INTO `tags` VALUES ('139', 'eset激活码', '26', '3');
INSERT INTO `tags` VALUES ('140', 'DiskRecovery', '27', '1');
INSERT INTO `tags` VALUES ('141', '91zcm', '27', '1');
INSERT INTO `tags` VALUES ('142', '注册码', '27', '1');
INSERT INTO `tags` VALUES ('143', '序列号', '27', '1');
INSERT INTO `tags` VALUES ('144', '激活码', '27', '1');
INSERT INTO `tags` VALUES ('145', 'EasyRecovery', '28', '1');
INSERT INTO `tags` VALUES ('146', 'Pro v7.0', '28', '1');
INSERT INTO `tags` VALUES ('147', 'UltraISO', '29', '1');
INSERT INTO `tags` VALUES ('148', 'ISO', '29', '1');
INSERT INTO `tags` VALUES ('149', '注册码', '29', '1');
INSERT INTO `tags` VALUES ('150', '序列号', '29', '1');
INSERT INTO `tags` VALUES ('151', 'UltraISO', '30', '1');
INSERT INTO `tags` VALUES ('152', ' Premium', '30', '1');
INSERT INTO `tags` VALUES ('153', 'kangle', '31', '6');
INSERT INTO `tags` VALUES ('154', 'Apahce', '31', '6');
INSERT INTO `tags` VALUES ('155', 'nginx', '31', '6');
INSERT INTO `tags` VALUES ('156', '91zcm', '31', '6');
INSERT INTO `tags` VALUES ('157', 'godaddy', '32', '5');
INSERT INTO `tags` VALUES ('158', '优惠码', '32', '5');
INSERT INTO `tags` VALUES ('159', '迅雷VIP', '33', '4');
INSERT INTO `tags` VALUES ('160', '迅雷VIP', '34', '4');
INSERT INTO `tags` VALUES ('161', '白金账号', '34', '4');

-- ----------------------------
-- Table structure for `website`
-- ----------------------------
DROP TABLE IF EXISTS `website`;
CREATE TABLE `website` (
  `id` int(11) NOT NULL auto_increment,
  `code` varchar(20) collate utf8_bin default NULL,
  `name` varchar(200) collate utf8_bin default NULL,
  `content` varchar(2000) collate utf8_bin default NULL,
  PRIMARY KEY  (`id`)
) ENGINE=InnoDB AUTO_INCREMENT=4 DEFAULT CHARSET=utf8 COLLATE=utf8_bin;

-- ----------------------------
-- Records of website
-- ----------------------------
INSERT INTO `website` VALUES ('1', 'title', '标题', '91注册码 | 软件注册码、序列号、激活码、VIP账号、优惠码');
INSERT INTO `website` VALUES ('2', 'keywords', '关键词', '注册码,序列号,激活码,VIP账号,优惠码,91zcm.com');
INSERT INTO `website` VALUES ('3', 'description', '描述', '91注册码(www.91zcm.com),旨在为广大网友分享软件注册码、序列号、激活码、VIP账号、优惠码等信息');
